[{"period":0,"time":0,"team_class":"A","team_id":3,"team":"Club Sportivo Palermo","formation":"4-3-1-2v2","ID":549,"full_name":"Manaaki Takimoana","status":"ACTIVE","position":"GK","side":"C","match_id":3006},{"period":0,"time":0,"team_class":"A","team_id":3,"team":"Club Sportivo Palermo","formation":"4-3-1-2v2","ID":276,"full_name":"Dani Martos","status":"ACTIVE","position":"LB","side":"L","match_id":3006},{"period":0,"time":0,"team_class":"A","team_id":3,"team":"Club Sportivo Palermo","formation":"4-3-1-2v2","ID":68,"full_name":"Salvador Broglia","status":"ACTIVE","position":"CB","side":"L","match_id":3006},{"period":0,"time":0,"team_class":"A","team_id":3,"team":"Club Sportivo Palermo","formation":"4-3-1-2v2","ID":64,"full_name":"Albano Álvarez","status":"ACTIVE","position":"CB","side":"R","match_id":3006},{"period":0,"time":0,"team_class":"A","team_id":3,"team":"Club Sportivo Palermo","formation":"4-3-1-2v2","ID":147,"full_name":"Afonso Ferreira","status":"ACTIVE","position":"RB","side":"R","match_id":3006},{"period":0,"time":0,"team_class":"A","team_id":3,"team":"Club Sportivo Palermo","formation":"4-3-1-2v2","ID":221,"full_name":"Bernardo De Los Santos","status":"ACTIVE","position":"LM","side":"L","match_id":3006},{"period":0,"time":0,"team_class":"A","team_id":3,"team":"Club Sportivo Palermo","formation":"4-3-1-2v2","ID":523,"full_name":"Marcos Peñaranda","status":"ACTIVE","position":"CM","side":"C","match_id":3006},{"period":0,"time":0,"team_class":"A","team_id":3,"team":"Club Sportivo Palermo","formation":"4-3-1-2v2","ID":212,"full_name":"Leonardo Riveros","status":"ACTIVE","position":"RM","side":"R","match_id":3006},{"period":0,"time":0,"team_class":"A","team_id":3,"team":"Club Sportivo Palermo","formation":"4-3-1-2v2","ID":293,"full_name":"Izan Sabaté","status":"ACTIVE","position":"CAM","side":"C","match_id":3006},{"period":0,"time":0,"team_class":"A","team_id":3,"team":"Club Sportivo Palermo","formation":"4-3-1-2v2","ID":261,"full_name":"Pablo Burgueño","status":"ACTIVE","position":"ST","side":"L","match_id":3006},{"period":0,"time":0,"team_class":"A","team_id":3,"team":"Club Sportivo Palermo","formation":"4-3-1-2v2","ID":233,"full_name":"Ignacio Correa","status":"ACTIVE","position":"ST","side":"R","match_id":3006},{"period":0,"time":0,"team_class":"B","team_id":6,"team":"Manhattan FC","formation":"4-1-2-3","ID":217,"full_name":"Pablo Mancinelli","status":"ACTIVE","position":"GK","side":"C","match_id":3006},{"period":0,"time":0,"team_class":"B","team_id":6,"team":"Manhattan FC","formation":"4-1-2-3","ID":255,"full_name":"Daniel Cézar","status":"ACTIVE","position":"LB","side":"L","match_id":3006},{"period":0,"time":0,"team_class":"B","team_id":6,"team":"Manhattan FC","formation":"4-1-2-3","ID":226,"full_name":"Jack Holden","status":"ACTIVE","position":"CB","side":"L","match_id":3006},{"period":0,"time":0,"team_class":"B","team_id":6,"team":"Manhattan FC","formation":"4-1-2-3","ID":61,"full_name":"Avram Matz","status":"ACTIVE","position":"CB","side":"R","match_id":3006},{"period":0,"time":0,"team_class":"B","team_id":6,"team":"Manhattan FC","formation":"4-1-2-3","ID":53,"full_name":"Elijah Edwards","status":"ACTIVE","position":"RB","side":"R","match_id":3006},{"period":0,"time":0,"team_class":"B","team_id":6,"team":"Manhattan FC","formation":"4-1-2-3","ID":547,"full_name":"Quan Nguyen","status":"ACTIVE","position":"CDM","side":"C","match_id":3006},{"period":0,"time":0,"team_class":"B","team_id":6,"team":"Manhattan FC","formation":"4-1-2-3","ID":354,"full_name":"Léo Ramon","status":"ACTIVE","position":"CAM","side":"L","match_id":3006},{"period":0,"time":0,"team_class":"B","team_id":6,"team":"Manhattan FC","formation":"4-1-2-3","ID":297,"full_name":"Luca Johnson","status":"ACTIVE","position":"CAM","side":"R","match_id":3006},{"period":0,"time":0,"team_class":"B","team_id":6,"team":"Manhattan FC","formation":"4-1-2-3","ID":198,"full_name":"Sasa Pintaric","status":"ACTIVE","position":"LW","side":"L","match_id":3006},{"period":0,"time":0,"team_class":"B","team_id":6,"team":"Manhattan FC","formation":"4-1-2-3","ID":49,"full_name":"José Alcántar","status":"ACTIVE","position":"ST","side":"C","match_id":3006},{"period":0,"time":0,"team_class":"B","team_id":6,"team":"Manhattan FC","formation":"4-1-2-3","ID":316,"full_name":"Dale Ramos","status":"ACTIVE","position":"RW","side":"R","match_id":3006},{"period":1,"time":2543.5364,"team_class":"A","team_id":3,"team":"Club Sportivo Palermo","formation":"4-3-1-2v2","ID":549,"full_name":"Manaaki Takimoana","status":"ACTIVE","position":"GK","side":"C","match_id":3006},{"period":1,"time":2543.5364,"team_class":"A","team_id":3,"team":"Club Sportivo Palermo","formation":"4-3-1-2v2","ID":147,"full_name":"Afonso Ferreira","status":"ACTIVE","position":"LB","side":"L","match_id":3006},{"period":1,"time":2543.5364,"team_class":"A","team_id":3,"team":"Club Sportivo Palermo","formation":"4-3-1-2v2","ID":68,"full_name":"Salvador Broglia","status":"ACTIVE","position":"CB","side":"L","match_id":3006},{"period":1,"time":2543.5364,"team_class":"A","team_id":3,"team":"Club Sportivo Palermo","formation":"4-3-1-2v2","ID":64,"full_name":"Albano Álvarez","status":"ACTIVE","position":"CB","side":"R","match_id":3006},{"period":1,"time":2543.5364,"team_class":"A","team_id":3,"team":"Club Sportivo Palermo","formation":"4-3-1-2v2","ID":212,"full_name":"Leonardo Riveros","status":"ACTIVE","position":"RB","side":"R","match_id":3006},{"period":1,"time":2543.5364,"team_class":"A","team_id":3,"team":"Club Sportivo Palermo","formation":"4-3-1-2v2","ID":221,"full_name":"Bernardo De Los Santos","status":"ACTIVE","position":"LM","side":"L","match_id":3006},{"period":1,"time":2543.5364,"team_class":"A","team_id":3,"team":"Club Sportivo Palermo","formation":"4-3-1-2v2","ID":87,"full_name":"Facundo Martins","status":"ACTIVE","position":"CM","side":"C","match_id":3006},{"period":1,"time":2543.5364,"team_class":"A","team_id":3,"team":"Club Sportivo Palermo","formation":"4-3-1-2v2","ID":523,"full_name":"Marcos Peñaranda","status":"ACTIVE","position":"RM","side":"R","match_id":3006},{"period":1,"time":2543.5364,"team_class":"A","team_id":3,"team":"Club Sportivo Palermo","formation":"4-3-1-2v2","ID":293,"full_name":"Izan Sabaté","status":"ACTIVE","position":"CAM","side":"C","match_id":3006},{"period":1,"time":2543.5364,"team_class":"A","team_id":3,"team":"Club Sportivo Palermo","formation":"4-3-1-2v2","ID":261,"full_name":"Pablo Burgueño","status":"ACTIVE","position":"ST","side":"L","match_id":3006},{"period":1,"time":2543.5364,"team_class":"A","team_id":3,"team":"Club Sportivo Palermo","formation":"4-3-1-2v2","ID":233,"full_name":"Ignacio Correa","status":"ACTIVE","position":"ST","side":"R","match_id":3006},{"period":2,"time":288.0237,"team_class":"A","team_id":3,"team":"Club Sportivo Palermo","formation":"4-3-1-2v2","ID":549,"full_name":"Manaaki Takimoana","status":"ACTIVE","position":"GK","side":"C","match_id":3006},{"period":2,"time":288.0237,"team_class":"A","team_id":3,"team":"Club Sportivo Palermo","formation":"4-3-1-2v2","ID":147,"full_name":"Afonso Ferreira","status":"ACTIVE","position":"LB","side":"L","match_id":3006},{"period":2,"time":288.0237,"team_class":"A","team_id":3,"team":"Club Sportivo Palermo","formation":"4-3-1-2v2","ID":118,"full_name":"Ace Zungu","status":"ACTIVE","position":"CB","side":"L","match_id":3006},{"period":2,"time":288.0237,"team_class":"A","team_id":3,"team":"Club Sportivo Palermo","formation":"4-3-1-2v2","ID":68,"full_name":"Salvador Broglia","status":"ACTIVE","position":"CB","side":"R","match_id":3006},{"period":2,"time":288.0237,"team_class":"A","team_id":3,"team":"Club Sportivo Palermo","formation":"4-3-1-2v2","ID":64,"full_name":"Albano Álvarez","status":"ACTIVE","position":"RB","side":"R","match_id":3006},{"period":2,"time":288.0237,"team_class":"A","team_id":3,"team":"Club Sportivo Palermo","formation":"4-3-1-2v2","ID":221,"full_name":"Bernardo De Los Santos","status":"ACTIVE","position":"LM","side":"L","match_id":3006},{"period":2,"time":288.0237,"team_class":"A","team_id":3,"team":"Club Sportivo Palermo","formation":"4-3-1-2v2","ID":87,"full_name":"Facundo Martins","status":"ACTIVE","position":"CM","side":"C","match_id":3006},{"period":2,"time":288.0237,"team_class":"A","team_id":3,"team":"Club Sportivo Palermo","formation":"4-3-1-2v2","ID":523,"full_name":"Marcos Peñaranda","status":"ACTIVE","position":"RM","side":"R","match_id":3006},{"period":2,"time":288.0237,"team_class":"A","team_id":3,"team":"Club Sportivo Palermo","formation":"4-3-1-2v2","ID":293,"full_name":"Izan Sabaté","status":"ACTIVE","position":"CAM","side":"C","match_id":3006},{"period":2,"time":288.0237,"team_class":"A","team_id":3,"team":"Club Sportivo Palermo","formation":"4-3-1-2v2","ID":261,"full_name":"Pablo Burgueño","status":"ACTIVE","position":"ST","side":"L","match_id":3006},{"period":2,"time":288.0237,"team_class":"A","team_id":3,"team":"Club Sportivo Palermo","formation":"4-3-1-2v2","ID":233,"full_name":"Ignacio Correa","status":"ACTIVE","position":"ST","side":"R","match_id":3006},{"period":2,"time":1318.9957,"team_class":"B","team_id":6,"team":"Manhattan FC","formation":"3-4-3v4","ID":217,"full_name":"Pablo Mancinelli","status":"ACTIVE","position":"GK","side":"C","match_id":3006},{"period":2,"time":1318.9957,"team_class":"B","team_id":6,"team":"Manhattan FC","formation":"3-4-3v4","ID":255,"full_name":"Daniel Cézar","status":"ACTIVE","position":"CB","side":"L","match_id":3006},{"period":2,"time":1318.9957,"team_class":"B","team_id":6,"team":"Manhattan FC","formation":"3-4-3v4","ID":226,"full_name":"Jack Holden","status":"ACTIVE","position":"CB","side":"C","match_id":3006},{"period":2,"time":1318.9957,"team_class":"B","team_id":6,"team":"Manhattan FC","formation":"3-4-3v4","ID":61,"full_name":"Avram Matz","status":"ACTIVE","position":"CB","side":"R","match_id":3006},{"period":2,"time":1318.9957,"team_class":"B","team_id":6,"team":"Manhattan FC","formation":"3-4-3v4","ID":198,"full_name":"Sasa Pintaric","status":"ACTIVE","position":"LM","side":"L","match_id":3006},{"period":2,"time":1318.9957,"team_class":"B","team_id":6,"team":"Manhattan FC","formation":"3-4-3v4","ID":239,"full_name":"Jeison Valoyes","status":"ACTIVE","position":"CM","side":"L","match_id":3006},{"period":2,"time":1318.9957,"team_class":"B","team_id":6,"team":"Manhattan FC","formation":"3-4-3v4","ID":297,"full_name":"Luca Johnson","status":"ACTIVE","position":"CM","side":"R","match_id":3006},{"period":2,"time":1318.9957,"team_class":"B","team_id":6,"team":"Manhattan FC","formation":"3-4-3v4","ID":316,"full_name":"Dale Ramos","status":"ACTIVE","position":"RM","side":"R","match_id":3006},{"period":2,"time":1318.9957,"team_class":"B","team_id":6,"team":"Manhattan FC","formation":"3-4-3v4","ID":354,"full_name":"Léo Ramon","status":"ACTIVE","position":"CAM","side":"C","match_id":3006},{"period":2,"time":1318.9957,"team_class":"B","team_id":6,"team":"Manhattan FC","formation":"3-4-3v4","ID":248,"full_name":"Wanchai Bunmi","status":"ACTIVE","position":"ST","side":"L","match_id":3006},{"period":2,"time":1318.9957,"team_class":"B","team_id":6,"team":"Manhattan FC","formation":"3-4-3v4","ID":49,"full_name":"José Alcántar","status":"ACTIVE","position":"ST","side":"R","match_id":3006},{"period":2,"time":1702.974,"team_class":"A","team_id":3,"team":"Club Sportivo Palermo","formation":"4-5-1v1","ID":549,"full_name":"Manaaki Takimoana","status":"ACTIVE","position":"GK","side":"C","match_id":3006},{"period":2,"time":1702.974,"team_class":"A","team_id":3,"team":"Club Sportivo Palermo","formation":"4-5-1v1","ID":147,"full_name":"Afonso Ferreira","status":"ACTIVE","position":"LB","side":"L","match_id":3006},{"period":2,"time":1702.974,"team_class":"A","team_id":3,"team":"Club Sportivo Palermo","formation":"4-5-1v1","ID":118,"full_name":"Ace Zungu","status":"ACTIVE","position":"CB","side":"L","match_id":3006},{"period":2,"time":1702.974,"team_class":"A","team_id":3,"team":"Club Sportivo Palermo","formation":"4-5-1v1","ID":68,"full_name":"Salvador Broglia","status":"ACTIVE","position":"CB","side":"R","match_id":3006},{"period":2,"time":1702.974,"team_class":"A","team_id":3,"team":"Club Sportivo Palermo","formation":"4-5-1v1","ID":64,"full_name":"Albano Álvarez","status":"ACTIVE","position":"RB","side":"R","match_id":3006},{"period":2,"time":1702.974,"team_class":"A","team_id":3,"team":"Club Sportivo Palermo","formation":"4-5-1v1","ID":560,"full_name":"Osvaldo Papaleo","status":"ACTIVE","position":"LM","side":"L","match_id":3006},{"period":2,"time":1702.974,"team_class":"A","team_id":3,"team":"Club Sportivo Palermo","formation":"4-5-1v1","ID":523,"full_name":"Marcos Peñaranda","status":"ACTIVE","position":"CM","side":"C","match_id":3006},{"period":2,"time":1702.974,"team_class":"A","team_id":3,"team":"Club Sportivo Palermo","formation":"4-5-1v1","ID":221,"full_name":"Bernardo De Los Santos","status":"ACTIVE","position":"RM","side":"R","match_id":3006},{"period":2,"time":1702.974,"team_class":"A","team_id":3,"team":"Club Sportivo Palermo","formation":"4-5-1v1","ID":293,"full_name":"Izan Sabaté","status":"ACTIVE","position":"CAM","side":"L","match_id":3006},{"period":2,"time":1702.974,"team_class":"A","team_id":3,"team":"Club Sportivo Palermo","formation":"4-5-1v1","ID":87,"full_name":"Facundo Martins","status":"ACTIVE","position":"CAM","side":"R","match_id":3006},{"period":2,"time":1702.974,"team_class":"A","team_id":3,"team":"Club Sportivo Palermo","formation":"4-5-1v1","ID":233,"full_name":"Ignacio Correa","status":"ACTIVE","position":"ST","side":"C","match_id":3006},{"period":2,"time":2377.7922,"team_class":"B","team_id":6,"team":"Manhattan FC","formation":"3-4-3v4","ID":217,"full_name":"Pablo Mancinelli","status":"ACTIVE","position":"GK","side":"C","match_id":3006},{"period":2,"time":2377.7922,"team_class":"B","team_id":6,"team":"Manhattan FC","formation":"3-4-3v4","ID":255,"full_name":"Daniel Cézar","status":"ACTIVE","position":"CB","side":"L","match_id":3006},{"period":2,"time":2377.7922,"team_class":"B","team_id":6,"team":"Manhattan FC","formation":"3-4-3v4","ID":226,"full_name":"Jack Holden","status":"ACTIVE","position":"CB","side":"C","match_id":3006},{"period":2,"time":2377.7922,"team_class":"B","team_id":6,"team":"Manhattan FC","formation":"3-4-3v4","ID":61,"full_name":"Avram Matz","status":"ACTIVE","position":"CB","side":"R","match_id":3006},{"period":2,"time":2377.7922,"team_class":"B","team_id":6,"team":"Manhattan FC","formation":"3-4-3v4","ID":198,"full_name":"Sasa Pintaric","status":"ACTIVE","position":"LM","side":"L","match_id":3006},{"period":2,"time":2377.7922,"team_class":"B","team_id":6,"team":"Manhattan FC","formation":"3-4-3v4","ID":330,"full_name":"Adam Osyra","status":"ACTIVE","position":"CM","side":"L","match_id":3006},{"period":2,"time":2377.7922,"team_class":"B","team_id":6,"team":"Manhattan FC","formation":"3-4-3v4","ID":239,"full_name":"Jeison Valoyes","status":"ACTIVE","position":"CM","side":"R","match_id":3006},{"period":2,"time":2377.7922,"team_class":"B","team_id":6,"team":"Manhattan FC","formation":"3-4-3v4","ID":316,"full_name":"Dale Ramos","status":"ACTIVE","position":"RM","side":"R","match_id":3006},{"period":2,"time":2377.7922,"team_class":"B","team_id":6,"team":"Manhattan FC","formation":"3-4-3v4","ID":297,"full_name":"Luca Johnson","status":"ACTIVE","position":"CAM","side":"C","match_id":3006},{"period":2,"time":2377.7922,"team_class":"B","team_id":6,"team":"Manhattan FC","formation":"3-4-3v4","ID":248,"full_name":"Wanchai Bunmi","status":"ACTIVE","position":"ST","side":"L","match_id":3006},{"period":2,"time":2377.7922,"team_class":"B","team_id":6,"team":"Manhattan FC","formation":"3-4-3v4","ID":49,"full_name":"José Alcántar","status":"ACTIVE","position":"ST","side":"R","match_id":3006},{"period":2,"time":2583.9,"team_class":"B","team_id":6,"team":"Manhattan FC","formation":"3-4-3v2","ID":217,"full_name":"Pablo Mancinelli","status":"ACTIVE","position":"GK","side":"C","match_id":3006},{"period":2,"time":2583.9,"team_class":"B","team_id":6,"team":"Manhattan FC","formation":"3-4-3v2","ID":255,"full_name":"Daniel Cézar","status":"ACTIVE","position":"CB","side":"L","match_id":3006},{"period":2,"time":2583.9,"team_class":"B","team_id":6,"team":"Manhattan FC","formation":"3-4-3v2","ID":330,"full_name":"Adam Osyra","status":"ACTIVE","position":"CB","side":"C","match_id":3006},{"period":2,"time":2583.9,"team_class":"B","team_id":6,"team":"Manhattan FC","formation":"3-4-3v2","ID":226,"full_name":"Jack Holden","status":"ACTIVE","position":"CB","side":"R","match_id":3006},{"period":2,"time":2583.9,"team_class":"B","team_id":6,"team":"Manhattan FC","formation":"3-4-3v2","ID":531,"full_name":"Tommaso di Paolo","status":"ACTIVE","position":"CDM","side":"C","match_id":3006},{"period":2,"time":2583.9,"team_class":"B","team_id":6,"team":"Manhattan FC","formation":"3-4-3v2","ID":49,"full_name":"José Alcántar","status":"ACTIVE","position":"CM","side":"L","match_id":3006},{"period":2,"time":2583.9,"team_class":"B","team_id":6,"team":"Manhattan FC","formation":"3-4-3v2","ID":239,"full_name":"Jeison Valoyes","status":"ACTIVE","position":"CM","side":"R","match_id":3006},{"period":2,"time":2583.9,"team_class":"B","team_id":6,"team":"Manhattan FC","formation":"3-4-3v2","ID":297,"full_name":"Luca Johnson","status":"ACTIVE","position":"CAM","side":"C","match_id":3006},{"period":2,"time":2583.9,"team_class":"B","team_id":6,"team":"Manhattan FC","formation":"3-4-3v2","ID":198,"full_name":"Sasa Pintaric","status":"ACTIVE","position":"LW","side":"L","match_id":3006},{"period":2,"time":2583.9,"team_class":"B","team_id":6,"team":"Manhattan FC","formation":"3-4-3v2","ID":248,"full_name":"Wanchai Bunmi","status":"ACTIVE","position":"ST","side":"C","match_id":3006},{"period":2,"time":2583.9,"team_class":"B","team_id":6,"team":"Manhattan FC","formation":"3-4-3v2","ID":316,"full_name":"Dale Ramos","status":"ACTIVE","position":"RW","side":"R","match_id":3006},{"period":2,"time":2630.0008,"team_class":"B","team_id":6,"team":"Manhattan FC","formation":"3-4-3v2","ID":217,"full_name":"Pablo Mancinelli","status":"ACTIVE","position":"GK","side":"C","match_id":3006},{"period":2,"time":2630.0008,"team_class":"B","team_id":6,"team":"Manhattan FC","formation":"3-4-3v2","ID":255,"full_name":"Daniel Cézar","status":"ACTIVE","position":"CB","side":"L","match_id":3006},{"period":2,"time":2630.0008,"team_class":"B","team_id":6,"team":"Manhattan FC","formation":"3-4-3v2","ID":330,"full_name":"Adam Osyra","status":"ACTIVE","position":"CB","side":"C","match_id":3006},{"period":2,"time":2630.0008,"team_class":"B","team_id":6,"team":"Manhattan FC","formation":"3-4-3v2","ID":226,"full_name":"Jack Holden","status":"ACTIVE","position":"CB","side":"R","match_id":3006},{"period":2,"time":2630.0008,"team_class":"B","team_id":6,"team":"Manhattan FC","formation":"3-4-3v2","ID":531,"full_name":"Tommaso di Paolo","status":"ACTIVE","position":"CDM","side":"C","match_id":3006},{"period":2,"time":2630.0008,"team_class":"B","team_id":6,"team":"Manhattan FC","formation":"3-4-3v2","ID":49,"full_name":"José Alcántar","status":"ACTIVE","position":"CM","side":"L","match_id":3006},{"period":2,"time":2630.0008,"team_class":"B","team_id":6,"team":"Manhattan FC","formation":"3-4-3v2","ID":239,"full_name":"Jeison Valoyes","status":"ACTIVE","position":"CM","side":"R","match_id":3006},{"period":2,"time":2630.0008,"team_class":"B","team_id":6,"team":"Manhattan FC","formation":"3-4-3v2","ID":297,"full_name":"Luca Johnson","status":"ACTIVE","position":"CAM","side":"C","match_id":3006},{"period":2,"time":2630.0008,"team_class":"B","team_id":6,"team":"Manhattan FC","formation":"3-4-3v2","ID":198,"full_name":"Sasa Pintaric","status":"ACTIVE","position":"LW","side":"L","match_id":3006},{"period":2,"time":2630.0008,"team_class":"B","team_id":6,"team":"Manhattan FC","formation":"3-4-3v2","ID":248,"full_name":"Wanchai Bunmi","status":"ACTIVE","position":"ST","side":"C","match_id":3006},{"period":2,"time":2630.0008,"team_class":"B","team_id":6,"team":"Manhattan FC","formation":"3-4-3v2","ID":316,"full_name":"Dale Ramos","status":"ACTIVE","position":"RW","side":"R","match_id":3006},{"period":2,"time":2900.4239,"team_class":"A","team_id":3,"team":"Club Sportivo Palermo","formation":"4-5-1v1","ID":549,"full_name":"Manaaki Takimoana","status":"ACTIVE","position":"GK","side":"C","match_id":3006},{"period":2,"time":2900.4239,"team_class":"A","team_id":3,"team":"Club Sportivo Palermo","formation":"4-5-1v1","ID":560,"full_name":"Osvaldo Papaleo","status":"ACTIVE","position":"LB","side":"L","match_id":3006},{"period":2,"time":2900.4239,"team_class":"A","team_id":3,"team":"Club Sportivo Palermo","formation":"4-5-1v1","ID":118,"full_name":"Ace Zungu","status":"ACTIVE","position":"CB","side":"L","match_id":3006},{"period":2,"time":2900.4239,"team_class":"A","team_id":3,"team":"Club Sportivo Palermo","formation":"4-5-1v1","ID":68,"full_name":"Salvador Broglia","status":"ACTIVE","position":"CB","side":"R","match_id":3006},{"period":2,"time":2900.4239,"team_class":"A","team_id":3,"team":"Club Sportivo Palermo","formation":"4-5-1v1","ID":64,"full_name":"Albano Álvarez","status":"ACTIVE","position":"RB","side":"R","match_id":3006},{"period":2,"time":2900.4239,"team_class":"A","team_id":3,"team":"Club Sportivo Palermo","formation":"4-5-1v1","ID":523,"full_name":"Marcos Peñaranda","status":"ACTIVE","position":"LM","side":"L","match_id":3006},{"period":2,"time":2900.4239,"team_class":"A","team_id":3,"team":"Club Sportivo Palermo","formation":"4-5-1v1","ID":323,"full_name":"Federico Villa","status":"ACTIVE","position":"CM","side":"C","match_id":3006},{"period":2,"time":2900.4239,"team_class":"A","team_id":3,"team":"Club Sportivo Palermo","formation":"4-5-1v1","ID":221,"full_name":"Bernardo De Los Santos","status":"ACTIVE","position":"RM","side":"R","match_id":3006},{"period":2,"time":2900.4239,"team_class":"A","team_id":3,"team":"Club Sportivo Palermo","formation":"4-5-1v1","ID":293,"full_name":"Izan Sabaté","status":"ACTIVE","position":"CAM","side":"L","match_id":3006},{"period":2,"time":2900.4239,"team_class":"A","team_id":3,"team":"Club Sportivo Palermo","formation":"4-5-1v1","ID":87,"full_name":"Facundo Martins","status":"ACTIVE","position":"CAM","side":"R","match_id":3006},{"period":2,"time":2900.4239,"team_class":"A","team_id":3,"team":"Club Sportivo Palermo","formation":"4-5-1v1","ID":233,"full_name":"Ignacio Correa","status":"ACTIVE","position":"ST","side":"C","match_id":3006}]
