[{"season_no":3,"round_no":1,"match_id":3006,"fixture":"","team_id":12,"team":"Tokyo","played":1,"wins":1,"draws":0,"losses":0,"goals_scored":3,"goals_conceded":0,"goal_diff":3,"points":3,"position":1},{"season_no":3,"round_no":1,"match_id":3006,"fixture":"","team_id":10,"team":"Amazônia","played":1,"wins":1,"draws":0,"losses":0,"goals_scored":2,"goals_conceded":0,"goal_diff":2,"points":3,"position":2},{"season_no":3,"round_no":1,"match_id":3006,"fixture":"AWAY","team_id":6,"team":"Manhattan","played":1,"wins":1,"draws":0,"losses":0,"goals_scored":3,"goals_conceded":2,"goal_diff":1,"points":3,"position":3},{"season_no":3,"round_no":1,"match_id":3006,"fixture":"","team_id":7,"team":"Nusantara","played":1,"wins":1,"draws":0,"losses":0,"goals_scored":3,"goals_conceded":2,"goal_diff":1,"points":3,"position":4},{"season_no":3,"round_no":1,"match_id":3006,"fixture":"","team_id":2,"team":"Bondi","played":1,"wins":1,"draws":0,"losses":0,"goals_scored":1,"goals_conceded":0,"goal_diff":1,"points":3,"position":5},{"season_no":3,"round_no":1,"match_id":3006,"fixture":"","team_id":9,"team":"Paris","played":1,"wins":1,"draws":0,"losses":0,"goals_scored":1,"goals_conceded":0,"goal_diff":1,"points":3,"position":6},{"season_no":3,"round_no":1,"match_id":3006,"fixture":"","team_id":1,"team":"Bengaluru","played":1,"wins":0,"draws":0,"losses":1,"goals_scored":2,"goals_conceded":3,"goal_diff":-1,"points":0,"position":7},{"season_no":3,"round_no":1,"match_id":3006,"fixture":"HOME","team_id":3,"team":"Palermo","played":1,"wins":0,"draws":0,"losses":1,"goals_scored":2,"goals_conceded":3,"goal_diff":-1,"points":0,"position":8},{"season_no":3,"round_no":1,"match_id":3006,"fixture":"","team_id":8,"team":"Naija","played":1,"wins":0,"draws":0,"losses":1,"goals_scored":0,"goals_conceded":1,"goal_diff":-1,"points":0,"position":9},{"season_no":3,"round_no":1,"match_id":3006,"fixture":"","team_id":11,"team":"South London","played":1,"wins":0,"draws":0,"losses":1,"goals_scored":0,"goals_conceded":1,"goal_diff":-1,"points":0,"position":10},{"season_no":3,"round_no":1,"match_id":3006,"fixture":"","team_id":4,"team":"Angelenos","played":1,"wins":0,"draws":0,"losses":1,"goals_scored":0,"goals_conceded":2,"goal_diff":-2,"points":0,"position":11},{"season_no":3,"round_no":1,"match_id":3006,"fixture":"","team_id":5,"team":"Riyadh","played":1,"wins":0,"draws":0,"losses":1,"goals_scored":0,"goals_conceded":3,"goal_diff":-3,"points":0,"position":12}]
