[{"match_id":3006,"team_class":"A","team_id":3,"team":"Club Sportivo Palermo","formation":"4-3-1-2v2","ID":549,"first_name":"Manaaki","last_name":"Takimoana","full_name":"Manaaki Takimoana","number":99,"status":"ACTIVE","position":"GK","side":"C","CAP":0},{"match_id":3006,"team_class":"A","team_id":3,"team":"Club Sportivo Palermo","formation":"4-3-1-2v2","ID":276,"first_name":"Dani","last_name":"Martos","full_name":"Dani Martos","number":3,"status":"ACTIVE","position":"LB","side":"L","CAP":0},{"match_id":3006,"team_class":"A","team_id":3,"team":"Club Sportivo Palermo","formation":"4-3-1-2v2","ID":68,"first_name":"Salvador","last_name":"Broglia","full_name":"Salvador Broglia","number":6,"status":"ACTIVE","position":"CB","side":"L","CAP":0},{"match_id":3006,"team_class":"A","team_id":3,"team":"Club Sportivo Palermo","formation":"4-3-1-2v2","ID":64,"first_name":"Albano","last_name":"Álvarez","full_name":"Albano Álvarez","number":2,"status":"ACTIVE","position":"CB","side":"R","CAP":1},{"match_id":3006,"team_class":"A","team_id":3,"team":"Club Sportivo Palermo","formation":"4-3-1-2v2","ID":147,"first_name":"Afonso","last_name":"Ferreira","full_name":"Afonso Ferreira","number":17,"status":"ACTIVE","position":"RB","side":"R","CAP":0},{"match_id":3006,"team_class":"A","team_id":3,"team":"Club Sportivo Palermo","formation":"4-3-1-2v2","ID":221,"first_name":"Bernardo","last_name":"De Los Santos","full_name":"Bernardo De Los Santos","number":11,"status":"ACTIVE","position":"LM","side":"L","CAP":0},{"match_id":3006,"team_class":"A","team_id":3,"team":"Club Sportivo Palermo","formation":"4-3-1-2v2","ID":523,"first_name":"Marcos","last_name":"Peñaranda","full_name":"Marcos Peñaranda","number":4,"status":"ACTIVE","position":"CM","side":"C","CAP":0},{"match_id":3006,"team_class":"A","team_id":3,"team":"Club Sportivo Palermo","formation":"4-3-1-2v2","ID":212,"first_name":"Leonardo","last_name":"Riveros","full_name":"Leonardo Riveros","number":14,"status":"ACTIVE","position":"RM","side":"R","CAP":0},{"match_id":3006,"team_class":"A","team_id":3,"team":"Club Sportivo Palermo","formation":"4-3-1-2v2","ID":293,"first_name":"Izan","last_name":"Sabaté","full_name":"Izan Sabaté","number":8,"status":"ACTIVE","position":"CAM","side":"C","CAP":0},{"match_id":3006,"team_class":"A","team_id":3,"team":"Club Sportivo Palermo","formation":"4-3-1-2v2","ID":261,"first_name":"Pablo","last_name":"Burgueño","full_name":"Pablo Burgueño","number":18,"status":"ACTIVE","position":"ST","side":"L","CAP":0},{"match_id":3006,"team_class":"A","team_id":3,"team":"Club Sportivo Palermo","formation":"4-3-1-2v2","ID":233,"first_name":"Ignacio","last_name":"Correa","full_name":"Ignacio Correa","number":10,"status":"ACTIVE","position":"ST","side":"R","CAP":0},{"match_id":3006,"team_class":"A","team_id":3,"team":"Club Sportivo Palermo","formation":"4-3-1-2v2","ID":87,"first_name":"Facundo","last_name":"Martins","full_name":"Facundo Martins","number":15,"status":"BENCH","CAP":0},{"match_id":3006,"team_class":"A","team_id":3,"team":"Club Sportivo Palermo","formation":"4-3-1-2v2","ID":258,"first_name":"Diego","last_name":"Sanabria","full_name":"Diego Sanabria","number":24,"status":"BENCH","CAP":0},{"match_id":3006,"team_class":"A","team_id":3,"team":"Club Sportivo Palermo","formation":"4-3-1-2v2","ID":118,"first_name":"Ace","last_name":"Zungu","full_name":"Ace Zungu","number":26,"status":"BENCH","CAP":0},{"match_id":3006,"team_class":"A","team_id":3,"team":"Club Sportivo Palermo","formation":"4-3-1-2v2","ID":323,"first_name":"Federico","last_name":"Villa","full_name":"Federico Villa","number":5,"status":"BENCH","CAP":0},{"match_id":3006,"team_class":"A","team_id":3,"team":"Club Sportivo Palermo","formation":"4-3-1-2v2","ID":277,"first_name":"Alejandro","last_name":"Ortiz","full_name":"Alejandro Ortiz","number":1,"status":"BENCH","CAP":0},{"match_id":3006,"team_class":"A","team_id":3,"team":"Club Sportivo Palermo","formation":"4-3-1-2v2","ID":381,"first_name":"Eneko","last_name":"Soto","full_name":"Eneko Soto","number":28,"status":"BENCH","CAP":0},{"match_id":3006,"team_class":"A","team_id":3,"team":"Club Sportivo Palermo","formation":"4-3-1-2v2","ID":65,"first_name":"Miguel","last_name":"Condori","full_name":"Miguel Condori","number":16,"status":"BENCH","CAP":0},{"match_id":3006,"team_class":"A","team_id":3,"team":"Club Sportivo Palermo","formation":"4-3-1-2v2","ID":560,"first_name":"Osvaldo","last_name":"Papaleo","full_name":"Osvaldo Papaleo","number":29,"status":"BENCH","CAP":0},{"match_id":3006,"team_class":"A","team_id":3,"team":"Club Sportivo Palermo","formation":"4-3-1-2v2","ID":117,"first_name":"Carlos","last_name":"Granja","full_name":"Carlos Granja","number":23,"status":"BENCH","CAP":0},{"match_id":3006,"team_class":"B","team_id":6,"team":"Manhattan FC","formation":"4-1-2-3","ID":217,"first_name":"Pablo","last_name":"Mancinelli","full_name":"Pablo Mancinelli","number":1,"status":"ACTIVE","position":"GK","side":"C","CAP":0},{"match_id":3006,"team_class":"B","team_id":6,"team":"Manhattan FC","formation":"4-1-2-3","ID":255,"first_name":"Daniel","last_name":"Cézar","full_name":"Daniel Cézar","number":3,"status":"ACTIVE","position":"LB","side":"L","CAP":0},{"match_id":3006,"team_class":"B","team_id":6,"team":"Manhattan FC","formation":"4-1-2-3","ID":226,"first_name":"Jack","last_name":"Holden","full_name":"Jack Holden","number":5,"status":"ACTIVE","position":"CB","side":"L","CAP":0},{"match_id":3006,"team_class":"B","team_id":6,"team":"Manhattan FC","formation":"4-1-2-3","ID":61,"first_name":"Avram","last_name":"Matz","full_name":"Avram Matz","number":4,"status":"ACTIVE","position":"CB","side":"R","CAP":0},{"match_id":3006,"team_class":"B","team_id":6,"team":"Manhattan FC","formation":"4-1-2-3","ID":53,"first_name":"Elijah","last_name":"Edwards","full_name":"Elijah Edwards","number":22,"status":"ACTIVE","position":"RB","side":"R","CAP":0},{"match_id":3006,"team_class":"B","team_id":6,"team":"Manhattan FC","formation":"4-1-2-3","ID":547,"first_name":"Quan","last_name":"Nguyen","full_name":"Quan Nguyen","number":77,"status":"ACTIVE","position":"CDM","side":"C","CAP":0},{"match_id":3006,"team_class":"B","team_id":6,"team":"Manhattan FC","formation":"4-1-2-3","ID":354,"first_name":"Léo","last_name":"Ramon","full_name":"Léo Ramon","number":15,"status":"ACTIVE","position":"CAM","side":"L","CAP":0},{"match_id":3006,"team_class":"B","team_id":6,"team":"Manhattan FC","formation":"4-1-2-3","ID":297,"first_name":"Luca","last_name":"Johnson","full_name":"Luca Johnson","number":16,"status":"ACTIVE","position":"CAM","side":"R","CAP":0},{"match_id":3006,"team_class":"B","team_id":6,"team":"Manhattan FC","formation":"4-1-2-3","ID":198,"first_name":"Sasa","last_name":"Pintaric","full_name":"Sasa Pintaric","number":17,"status":"ACTIVE","position":"LW","side":"L","CAP":0},{"match_id":3006,"team_class":"B","team_id":6,"team":"Manhattan FC","formation":"4-1-2-3","ID":49,"first_name":"José","last_name":"Alcántar","full_name":"José Alcántar","number":11,"status":"ACTIVE","position":"ST","side":"C","CAP":1},{"match_id":3006,"team_class":"B","team_id":6,"team":"Manhattan FC","formation":"4-1-2-3","ID":316,"first_name":"Dale","last_name":"Ramos","full_name":"Dale Ramos","number":10,"status":"ACTIVE","position":"RW","side":"R","CAP":0},{"match_id":3006,"team_class":"B","team_id":6,"team":"Manhattan FC","formation":"4-1-2-3","ID":330,"first_name":"Adam","last_name":"Osyra","full_name":"Adam Osyra","number":18,"status":"BENCH","CAP":0},{"match_id":3006,"team_class":"B","team_id":6,"team":"Manhattan FC","formation":"4-1-2-3","ID":353,"first_name":"Corey","last_name":"Robson","full_name":"Corey Robson","number":8,"status":"BENCH","CAP":0},{"match_id":3006,"team_class":"B","team_id":6,"team":"Manhattan FC","formation":"4-1-2-3","ID":239,"first_name":"Jeison","last_name":"Valoyes","full_name":"Jeison Valoyes","number":14,"status":"BENCH","CAP":0},{"match_id":3006,"team_class":"B","team_id":6,"team":"Manhattan FC","formation":"4-1-2-3","ID":163,"first_name":"Isaac","last_name":"Carter","full_name":"Isaac Carter","number":7,"status":"BENCH","CAP":0},{"match_id":3006,"team_class":"B","team_id":6,"team":"Manhattan FC","formation":"4-1-2-3","ID":136,"first_name":"Jayden","last_name":"Bennett","full_name":"Jayden Bennett","number":90,"status":"BENCH","CAP":0},{"match_id":3006,"team_class":"B","team_id":6,"team":"Manhattan FC","formation":"4-1-2-3","ID":248,"first_name":"Wanchai","last_name":"Bunmi","full_name":"Wanchai Bunmi","number":9,"status":"BENCH","CAP":0},{"match_id":3006,"team_class":"B","team_id":6,"team":"Manhattan FC","formation":"4-1-2-3","ID":376,"first_name":"Ezequiel","last_name":"Anselmo","full_name":"Ezequiel Anselmo","number":24,"status":"BENCH","CAP":0},{"match_id":3006,"team_class":"B","team_id":6,"team":"Manhattan FC","formation":"4-1-2-3","ID":531,"first_name":"Tommaso","last_name":"di Paolo","full_name":"Tommaso di Paolo","number":2,"status":"BENCH","CAP":0},{"match_id":3006,"team_class":"B","team_id":6,"team":"Manhattan FC","formation":"4-1-2-3","ID":460,"first_name":"Devin","last_name":"Reyes","full_name":"Devin Reyes","number":31,"status":"BENCH","CAP":0}]
