[{"match_id":3006,"team_id":3,"possession":"A","team":"Palermo","statistic_id":3,"statistic":"Goals","value":2,"display":"2"},{"match_id":3006,"team_id":3,"possession":"A","team":"Palermo","statistic_id":4,"statistic":"Shots","value":8,"display":"8"},{"match_id":3006,"team_id":3,"possession":"A","team":"Palermo","statistic_id":5,"statistic":"Shots On Target","value":3,"display":"3"},{"match_id":3006,"team_id":3,"possession":"A","team":"Palermo","statistic_id":6,"statistic":"Shot Accuracy %","value":0.375,"display":"38%"},{"match_id":3006,"team_id":3,"possession":"A","team":"Palermo","statistic_id":71,"statistic":"Shots Off Target","value":3,"display":"3"},{"match_id":3006,"team_id":3,"possession":"A","team":"Palermo","statistic_id":72,"statistic":"Shots Blocked","value":2,"display":"2"},{"match_id":3006,"team_id":3,"possession":"A","team":"Palermo","statistic_id":7,"statistic":"Expected Goals","value":0.56,"display":"0.56"},{"match_id":3006,"team_id":3,"possession":"A","team":"Palermo","statistic_id":73,"statistic":"Penalties Scored","value":0,"display":"0"},{"match_id":3006,"team_id":3,"possession":"A","team":"Palermo","statistic_id":74,"statistic":"Penalties Missed","value":0,"display":"0"},{"match_id":3006,"team_id":3,"possession":"A","team":"Palermo","statistic_id":11,"statistic":"Possession %","value":0.4114,"display":"41%"},{"match_id":3006,"team_id":3,"possession":"A","team":"Palermo","statistic_id":12,"statistic":"Passes","value":231,"display":"231"},{"match_id":3006,"team_id":3,"possession":"A","team":"Palermo","statistic_id":13,"statistic":"Passes Completed","value":166,"display":"166"},{"match_id":3006,"team_id":3,"possession":"A","team":"Palermo","statistic_id":57,"statistic":"Passes Incomplete","value":38,"display":"38"},{"match_id":3006,"team_id":3,"possession":"A","team":"Palermo","statistic_id":58,"statistic":"Passes Intercepted","value":6,"display":"6"},{"match_id":3006,"team_id":3,"possession":"A","team":"Palermo","statistic_id":69,"statistic":"Pass Turnovers","value":20,"display":"20"},{"match_id":3006,"team_id":3,"possession":"A","team":"Palermo","statistic_id":14,"statistic":"Pass Completion %","value":0.7186,"display":"72%"},{"match_id":3006,"team_id":3,"possession":"A","team":"Palermo","statistic_id":59,"statistic":"Short Passes","value":103,"display":"103"},{"match_id":3006,"team_id":3,"possession":"A","team":"Palermo","statistic_id":60,"statistic":"Short Passes Completed","value":83,"display":"83"},{"match_id":3006,"team_id":3,"possession":"A","team":"Palermo","statistic_id":61,"statistic":"Short Passes Incomplete","value":13,"display":"13"},{"match_id":3006,"team_id":3,"possession":"A","team":"Palermo","statistic_id":62,"statistic":"Short Passes Intercepted","value":1,"display":"1"},{"match_id":3006,"team_id":3,"possession":"A","team":"Palermo","statistic_id":63,"statistic":"Short Pass Turnovers","value":5,"display":"5"},{"match_id":3006,"team_id":3,"possession":"A","team":"Palermo","statistic_id":75,"statistic":"Short Pass Completion %","value":0.8058,"display":"81%"},{"match_id":3006,"team_id":3,"possession":"A","team":"Palermo","statistic_id":52,"statistic":"Medium Passes","value":73,"display":"73"},{"match_id":3006,"team_id":3,"possession":"A","team":"Palermo","statistic_id":53,"statistic":"Medium Passes Completed","value":62,"display":"62"},{"match_id":3006,"team_id":3,"possession":"A","team":"Palermo","statistic_id":54,"statistic":"Medium Passes Incomplete","value":7,"display":"7"},{"match_id":3006,"team_id":3,"possession":"A","team":"Palermo","statistic_id":55,"statistic":"Medium Passes Intercepted","value":1,"display":"1"},{"match_id":3006,"team_id":3,"possession":"A","team":"Palermo","statistic_id":56,"statistic":"Medium Pass Turnovers","value":3,"display":"3"},{"match_id":3006,"team_id":3,"possession":"A","team":"Palermo","statistic_id":76,"statistic":"Medium Pass Completion %","value":0.8493,"display":"85%"},{"match_id":3006,"team_id":3,"possession":"A","team":"Palermo","statistic_id":47,"statistic":"Long Passes","value":45,"display":"45"},{"match_id":3006,"team_id":3,"possession":"A","team":"Palermo","statistic_id":48,"statistic":"Long Passes Completed","value":18,"display":"18"},{"match_id":3006,"team_id":3,"possession":"A","team":"Palermo","statistic_id":49,"statistic":"Long Passes Incomplete","value":12,"display":"12"},{"match_id":3006,"team_id":3,"possession":"A","team":"Palermo","statistic_id":50,"statistic":"Long Passes Intercepted","value":4,"display":"4"},{"match_id":3006,"team_id":3,"possession":"A","team":"Palermo","statistic_id":51,"statistic":"Long Pass Turnovers","value":11,"display":"11"},{"match_id":3006,"team_id":3,"possession":"A","team":"Palermo","statistic_id":77,"statistic":"Long Pass Completion %","value":0.4,"display":"40%"},{"match_id":3006,"team_id":3,"possession":"A","team":"Palermo","statistic_id":64,"statistic":"Through Balls","value":1,"display":"1"},{"match_id":3006,"team_id":3,"possession":"A","team":"Palermo","statistic_id":65,"statistic":"Through Balls Completed","value":0,"display":"0"},{"match_id":3006,"team_id":3,"possession":"A","team":"Palermo","statistic_id":66,"statistic":"Through Balls Incomplete","value":0,"display":"0"},{"match_id":3006,"team_id":3,"possession":"A","team":"Palermo","statistic_id":67,"statistic":"Through Balls Intercepted","value":0,"display":"0"},{"match_id":3006,"team_id":3,"possession":"A","team":"Palermo","statistic_id":70,"statistic":"Through Ball Turnovers","value":1,"display":"1"},{"match_id":3006,"team_id":3,"possession":"A","team":"Palermo","statistic_id":78,"statistic":"Through Ball Completion %","value":0,"display":"0%"},{"match_id":3006,"team_id":3,"possession":"A","team":"Palermo","statistic_id":21,"statistic":"Crosses","value":9,"display":"9"},{"match_id":3006,"team_id":3,"possession":"A","team":"Palermo","statistic_id":22,"statistic":"Crosses Completed","value":3,"display":"3"},{"match_id":3006,"team_id":3,"possession":"A","team":"Palermo","statistic_id":45,"statistic":"Crosses Incomplete","value":6,"display":"6"},{"match_id":3006,"team_id":3,"possession":"A","team":"Palermo","statistic_id":46,"statistic":"Crosses Intercepted","value":0,"display":"0"},{"match_id":3006,"team_id":3,"possession":"A","team":"Palermo","statistic_id":68,"statistic":"Cross Turnovers","value":0,"display":"0"},{"match_id":3006,"team_id":3,"possession":"A","team":"Palermo","statistic_id":23,"statistic":"Cross Completion %","value":0.3333,"display":"33%"},{"match_id":3006,"team_id":3,"possession":"A","team":"Palermo","statistic_id":19,"statistic":"Final Third Entries","value":19,"display":"19"},{"match_id":3006,"team_id":3,"possession":"A","team":"Palermo","statistic_id":79,"statistic":"Key Passes","value":8,"display":"8"},{"match_id":3006,"team_id":3,"possession":"A","team":"Palermo","statistic_id":80,"statistic":"Passes into Penalty Area","value":5,"display":"5"},{"match_id":3006,"team_id":3,"possession":"A","team":"Palermo","statistic_id":20,"statistic":"Corners","value":2,"display":"2"},{"match_id":3006,"team_id":3,"possession":"A","team":"Palermo","statistic_id":24,"statistic":"Throw Ins","value":9,"display":"9"},{"match_id":3006,"team_id":3,"possession":"A","team":"Palermo","statistic_id":15,"statistic":"Dribbles","value":5,"display":"5"},{"match_id":3006,"team_id":3,"possession":"A","team":"Palermo","statistic_id":16,"statistic":"Dribbles Completed","value":2,"display":"2"},{"match_id":3006,"team_id":3,"possession":"A","team":"Palermo","statistic_id":81,"statistic":"Dribbles Fouled","value":1,"display":"1"},{"match_id":3006,"team_id":3,"possession":"A","team":"Palermo","statistic_id":17,"statistic":"Dribble Completion %","value":0.6,"display":"60%"},{"match_id":3006,"team_id":3,"possession":"A","team":"Palermo","statistic_id":82,"statistic":"Dribbles Lost Possession","value":1,"display":"1"},{"match_id":3006,"team_id":3,"possession":"A","team":"Palermo","statistic_id":83,"statistic":"Dribbles Tackled","value":1,"display":"1"},{"match_id":3006,"team_id":3,"possession":"A","team":"Palermo","statistic_id":18,"statistic":"Miscontrols","value":13,"display":"13"},{"match_id":3006,"team_id":3,"possession":"A","team":"Palermo","statistic_id":25,"statistic":"Aerial Duels","value":16,"display":"16"},{"match_id":3006,"team_id":3,"possession":"A","team":"Palermo","statistic_id":26,"statistic":"Aerial Duel Wins","value":8,"display":"8"},{"match_id":3006,"team_id":3,"possession":"A","team":"Palermo","statistic_id":27,"statistic":"Aerial Duel Win %","value":0.5,"display":"50%"},{"match_id":3006,"team_id":3,"possession":"A","team":"Palermo","statistic_id":28,"statistic":"Tackles Attempted","value":16,"display":"16"},{"match_id":3006,"team_id":3,"possession":"A","team":"Palermo","statistic_id":29,"statistic":"Tackles Completed","value":7,"display":"7"},{"match_id":3006,"team_id":3,"possession":"A","team":"Palermo","statistic_id":30,"statistic":"Tackle Completion %","value":0.4375,"display":"44%"},{"match_id":3006,"team_id":3,"possession":"A","team":"Palermo","statistic_id":84,"statistic":"Tackles Incomplete","value":9,"display":"9"},{"match_id":3006,"team_id":3,"possession":"A","team":"Palermo","statistic_id":31,"statistic":"Pressures","value":105,"display":"105"},{"match_id":3006,"team_id":3,"possession":"A","team":"Palermo","statistic_id":32,"statistic":"Clearances","value":5,"display":"5"},{"match_id":3006,"team_id":3,"possession":"A","team":"Palermo","statistic_id":112,"statistic":"Effective Clearances","value":3,"display":"3"},{"match_id":3006,"team_id":3,"possession":"A","team":"Palermo","statistic_id":33,"statistic":"Interceptions","value":8,"display":"8"},{"match_id":3006,"team_id":3,"possession":"A","team":"Palermo","statistic_id":85,"statistic":"Blocked Shots","value":1,"display":"1"},{"match_id":3006,"team_id":3,"possession":"A","team":"Palermo","statistic_id":34,"statistic":"Shots Faced","value":10,"display":"10"},{"match_id":3006,"team_id":3,"possession":"A","team":"Palermo","statistic_id":35,"statistic":"Shots On Target Faced","value":2,"display":"2"},{"match_id":3006,"team_id":3,"possession":"A","team":"Palermo","statistic_id":36,"statistic":"Goals Conceded","value":0,"display":"0"},{"match_id":3006,"team_id":3,"possession":"A","team":"Palermo","statistic_id":37,"statistic":"Saves","value":2,"display":"2"},{"match_id":3006,"team_id":3,"possession":"A","team":"Palermo","statistic_id":38,"statistic":"Save %","value":1,"display":"100%"},{"match_id":3006,"team_id":3,"possession":"A","team":"Palermo","statistic_id":86,"statistic":"Shots Caught","value":1,"display":"1"},{"match_id":3006,"team_id":3,"possession":"A","team":"Palermo","statistic_id":87,"statistic":"Crosses Caught","value":0,"display":"0"},{"match_id":3006,"team_id":3,"possession":"A","team":"Palermo","statistic_id":89,"statistic":"Penalties Saved","value":0,"display":"0"},{"match_id":3006,"team_id":3,"possession":"A","team":"Palermo","statistic_id":39,"statistic":"Goal Kicks","value":2,"display":"2"},{"match_id":3006,"team_id":3,"possession":"A","team":"Palermo","statistic_id":40,"statistic":"Fouls Committed","value":5,"display":"5"},{"match_id":3006,"team_id":3,"possession":"A","team":"Palermo","statistic_id":41,"statistic":"Penalties Conceded","value":0,"display":"0"},{"match_id":3006,"team_id":3,"possession":"A","team":"Palermo","statistic_id":42,"statistic":"Offsides","value":1,"display":"1"},{"match_id":3006,"team_id":3,"possession":"A","team":"Palermo","statistic_id":43,"statistic":"Yellow Cards","value":1,"display":"1"},{"match_id":3006,"team_id":3,"possession":"A","team":"Palermo","statistic_id":44,"statistic":"Red Cards","value":0,"display":"0"},{"match_id":3006,"team_id":3,"possession":"A","team":"Palermo","statistic_id":88,"statistic":"Second Yellows","value":0,"display":"0"},{"match_id":3006,"team_id":3,"possession":"A","team":"Palermo","statistic_id":93,"statistic":"Appearances","value":1,"display":"1"},{"match_id":3006,"team_id":3,"possession":"A","team":"Palermo","statistic_id":95,"statistic":"Possession","value":815,"display":"815"},{"match_id":3006,"team_id":3,"possession":"A","team":"Palermo","statistic_id":96,"statistic":"Possession Conceded","value":1166,"display":"1166"},{"match_id":3006,"team_id":3,"possession":"A","team":"Palermo","statistic":"Penalties Attempted","value":0,"display":"0"},{"match_id":3006,"team_id":3,"possession":"A","team":"Palermo","statistic":"Penalties Faced","value":0,"display":"0"},{"match_id":3006,"team_id":3,"possession":"A","team":"Palermo","statistic":"Expected Goals Faced","value":1.05,"display":"1.05"},{"match_id":3006,"team_id":3,"possession":"A","team":"Palermo","statistic":"Penalty Goals Conceded","value":0,"display":"0"},{"match_id":3006,"team_id":3,"possession":"A","team":"Palermo","statistic":"Expected Goal Difference","value":1.44,"display":"+1.44"},{"match_id":3006,"team_id":3,"possession":"A","team":"Palermo","statistic":"Effective Clearance %","value":0.6,"display":"60%"},{"match_id":3006,"team_id":3,"possession":"A","team":"Palermo","statistic":"Expected Goals Faced Difference","value":1.05,"display":"+1.05"},{"match_id":3006,"team_id":6,"possession":"B","team":"Manhattan","statistic_id":3,"statistic":"Goals","value":0,"display":"0"},{"match_id":3006,"team_id":6,"possession":"B","team":"Manhattan","statistic_id":4,"statistic":"Shots","value":10,"display":"10"},{"match_id":3006,"team_id":6,"possession":"B","team":"Manhattan","statistic_id":5,"statistic":"Shots On Target","value":2,"display":"2"},{"match_id":3006,"team_id":6,"possession":"B","team":"Manhattan","statistic_id":6,"statistic":"Shot Accuracy %","value":0.2,"display":"20%"},{"match_id":3006,"team_id":6,"possession":"B","team":"Manhattan","statistic_id":71,"statistic":"Shots Off Target","value":5,"display":"5"},{"match_id":3006,"team_id":6,"possession":"B","team":"Manhattan","statistic_id":72,"statistic":"Shots Blocked","value":3,"display":"3"},{"match_id":3006,"team_id":6,"possession":"B","team":"Manhattan","statistic_id":7,"statistic":"Expected Goals","value":1.05,"display":"1.05"},{"match_id":3006,"team_id":6,"possession":"B","team":"Manhattan","statistic_id":73,"statistic":"Penalties Scored","value":0,"display":"0"},{"match_id":3006,"team_id":6,"possession":"B","team":"Manhattan","statistic_id":74,"statistic":"Penalties Missed","value":0,"display":"0"},{"match_id":3006,"team_id":6,"possession":"B","team":"Manhattan","statistic_id":11,"statistic":"Possession %","value":0.5886,"display":"59%"},{"match_id":3006,"team_id":6,"possession":"B","team":"Manhattan","statistic_id":12,"statistic":"Passes","value":283,"display":"283"},{"match_id":3006,"team_id":6,"possession":"B","team":"Manhattan","statistic_id":13,"statistic":"Passes Completed","value":221,"display":"221"},{"match_id":3006,"team_id":6,"possession":"B","team":"Manhattan","statistic_id":57,"statistic":"Passes Incomplete","value":29,"display":"29"},{"match_id":3006,"team_id":6,"possession":"B","team":"Manhattan","statistic_id":58,"statistic":"Passes Intercepted","value":7,"display":"7"},{"match_id":3006,"team_id":6,"possession":"B","team":"Manhattan","statistic_id":69,"statistic":"Pass Turnovers","value":26,"display":"26"},{"match_id":3006,"team_id":6,"possession":"B","team":"Manhattan","statistic_id":14,"statistic":"Pass Completion %","value":0.7809,"display":"78%"},{"match_id":3006,"team_id":6,"possession":"B","team":"Manhattan","statistic_id":59,"statistic":"Short Passes","value":170,"display":"170"},{"match_id":3006,"team_id":6,"possession":"B","team":"Manhattan","statistic_id":60,"statistic":"Short Passes Completed","value":141,"display":"141"},{"match_id":3006,"team_id":6,"possession":"B","team":"Manhattan","statistic_id":61,"statistic":"Short Passes Incomplete","value":18,"display":"18"},{"match_id":3006,"team_id":6,"possession":"B","team":"Manhattan","statistic_id":62,"statistic":"Short Passes Intercepted","value":3,"display":"3"},{"match_id":3006,"team_id":6,"possession":"B","team":"Manhattan","statistic_id":63,"statistic":"Short Pass Turnovers","value":8,"display":"8"},{"match_id":3006,"team_id":6,"possession":"B","team":"Manhattan","statistic_id":75,"statistic":"Short Pass Completion %","value":0.8294,"display":"83%"},{"match_id":3006,"team_id":6,"possession":"B","team":"Manhattan","statistic_id":52,"statistic":"Medium Passes","value":64,"display":"64"},{"match_id":3006,"team_id":6,"possession":"B","team":"Manhattan","statistic_id":53,"statistic":"Medium Passes Completed","value":51,"display":"51"},{"match_id":3006,"team_id":6,"possession":"B","team":"Manhattan","statistic_id":54,"statistic":"Medium Passes Incomplete","value":5,"display":"5"},{"match_id":3006,"team_id":6,"possession":"B","team":"Manhattan","statistic_id":55,"statistic":"Medium Passes Intercepted","value":0,"display":"0"},{"match_id":3006,"team_id":6,"possession":"B","team":"Manhattan","statistic_id":56,"statistic":"Medium Pass Turnovers","value":8,"display":"8"},{"match_id":3006,"team_id":6,"possession":"B","team":"Manhattan","statistic_id":76,"statistic":"Medium Pass Completion %","value":0.7969,"display":"80%"},{"match_id":3006,"team_id":6,"possession":"B","team":"Manhattan","statistic_id":47,"statistic":"Long Passes","value":40,"display":"40"},{"match_id":3006,"team_id":6,"possession":"B","team":"Manhattan","statistic_id":48,"statistic":"Long Passes Completed","value":25,"display":"25"},{"match_id":3006,"team_id":6,"possession":"B","team":"Manhattan","statistic_id":49,"statistic":"Long Passes Incomplete","value":5,"display":"5"},{"match_id":3006,"team_id":6,"possession":"B","team":"Manhattan","statistic_id":50,"statistic":"Long Passes Intercepted","value":3,"display":"3"},{"match_id":3006,"team_id":6,"possession":"B","team":"Manhattan","statistic_id":51,"statistic":"Long Pass Turnovers","value":7,"display":"7"},{"match_id":3006,"team_id":6,"possession":"B","team":"Manhattan","statistic_id":77,"statistic":"Long Pass Completion %","value":0.625,"display":"62%"},{"match_id":3006,"team_id":6,"possession":"B","team":"Manhattan","statistic_id":64,"statistic":"Through Balls","value":4,"display":"4"},{"match_id":3006,"team_id":6,"possession":"B","team":"Manhattan","statistic_id":65,"statistic":"Through Balls Completed","value":2,"display":"2"},{"match_id":3006,"team_id":6,"possession":"B","team":"Manhattan","statistic_id":66,"statistic":"Through Balls Incomplete","value":0,"display":"0"},{"match_id":3006,"team_id":6,"possession":"B","team":"Manhattan","statistic_id":67,"statistic":"Through Balls Intercepted","value":1,"display":"1"},{"match_id":3006,"team_id":6,"possession":"B","team":"Manhattan","statistic_id":70,"statistic":"Through Ball Turnovers","value":1,"display":"1"},{"match_id":3006,"team_id":6,"possession":"B","team":"Manhattan","statistic_id":78,"statistic":"Through Ball Completion %","value":0.5,"display":"50%"},{"match_id":3006,"team_id":6,"possession":"B","team":"Manhattan","statistic_id":21,"statistic":"Crosses","value":5,"display":"5"},{"match_id":3006,"team_id":6,"possession":"B","team":"Manhattan","statistic_id":22,"statistic":"Crosses Completed","value":2,"display":"2"},{"match_id":3006,"team_id":6,"possession":"B","team":"Manhattan","statistic_id":45,"statistic":"Crosses Incomplete","value":1,"display":"1"},{"match_id":3006,"team_id":6,"possession":"B","team":"Manhattan","statistic_id":46,"statistic":"Crosses Intercepted","value":0,"display":"0"},{"match_id":3006,"team_id":6,"possession":"B","team":"Manhattan","statistic_id":68,"statistic":"Cross Turnovers","value":2,"display":"2"},{"match_id":3006,"team_id":6,"possession":"B","team":"Manhattan","statistic_id":23,"statistic":"Cross Completion %","value":0.4,"display":"40%"},{"match_id":3006,"team_id":6,"possession":"B","team":"Manhattan","statistic_id":19,"statistic":"Final Third Entries","value":17,"display":"17"},{"match_id":3006,"team_id":6,"possession":"B","team":"Manhattan","statistic_id":79,"statistic":"Key Passes","value":16,"display":"16"},{"match_id":3006,"team_id":6,"possession":"B","team":"Manhattan","statistic_id":80,"statistic":"Passes into Penalty Area","value":12,"display":"12"},{"match_id":3006,"team_id":6,"possession":"B","team":"Manhattan","statistic_id":20,"statistic":"Corners","value":2,"display":"2"},{"match_id":3006,"team_id":6,"possession":"B","team":"Manhattan","statistic_id":24,"statistic":"Throw Ins","value":11,"display":"11"},{"match_id":3006,"team_id":6,"possession":"B","team":"Manhattan","statistic_id":15,"statistic":"Dribbles","value":15,"display":"15"},{"match_id":3006,"team_id":6,"possession":"B","team":"Manhattan","statistic_id":16,"statistic":"Dribbles Completed","value":6,"display":"6"},{"match_id":3006,"team_id":6,"possession":"B","team":"Manhattan","statistic_id":81,"statistic":"Dribbles Fouled","value":3,"display":"3"},{"match_id":3006,"team_id":6,"possession":"B","team":"Manhattan","statistic_id":17,"statistic":"Dribble Completion %","value":0.6,"display":"60%"},{"match_id":3006,"team_id":6,"possession":"B","team":"Manhattan","statistic_id":82,"statistic":"Dribbles Lost Possession","value":1,"display":"1"},{"match_id":3006,"team_id":6,"possession":"B","team":"Manhattan","statistic_id":83,"statistic":"Dribbles Tackled","value":5,"display":"5"},{"match_id":3006,"team_id":6,"possession":"B","team":"Manhattan","statistic_id":18,"statistic":"Miscontrols","value":9,"display":"9"},{"match_id":3006,"team_id":6,"possession":"B","team":"Manhattan","statistic_id":25,"statistic":"Aerial Duels","value":16,"display":"16"},{"match_id":3006,"team_id":6,"possession":"B","team":"Manhattan","statistic_id":26,"statistic":"Aerial Duel Wins","value":8,"display":"8"},{"match_id":3006,"team_id":6,"possession":"B","team":"Manhattan","statistic_id":27,"statistic":"Aerial Duel Win %","value":0.5,"display":"50%"},{"match_id":3006,"team_id":6,"possession":"B","team":"Manhattan","statistic_id":28,"statistic":"Tackles Attempted","value":8,"display":"8"},{"match_id":3006,"team_id":6,"possession":"B","team":"Manhattan","statistic_id":29,"statistic":"Tackles Completed","value":5,"display":"5"},{"match_id":3006,"team_id":6,"possession":"B","team":"Manhattan","statistic_id":30,"statistic":"Tackle Completion %","value":0.625,"display":"62%"},{"match_id":3006,"team_id":6,"possession":"B","team":"Manhattan","statistic_id":84,"statistic":"Tackles Incomplete","value":3,"display":"3"},{"match_id":3006,"team_id":6,"possession":"B","team":"Manhattan","statistic_id":31,"statistic":"Pressures","value":73,"display":"73"},{"match_id":3006,"team_id":6,"possession":"B","team":"Manhattan","statistic_id":32,"statistic":"Clearances","value":15,"display":"15"},{"match_id":3006,"team_id":6,"possession":"B","team":"Manhattan","statistic_id":112,"statistic":"Effective Clearances","value":8,"display":"8"},{"match_id":3006,"team_id":6,"possession":"B","team":"Manhattan","statistic_id":33,"statistic":"Interceptions","value":6,"display":"6"},{"match_id":3006,"team_id":6,"possession":"B","team":"Manhattan","statistic_id":85,"statistic":"Blocked Shots","value":0,"display":"0"},{"match_id":3006,"team_id":6,"possession":"B","team":"Manhattan","statistic_id":34,"statistic":"Shots Faced","value":8,"display":"8"},{"match_id":3006,"team_id":6,"possession":"B","team":"Manhattan","statistic_id":35,"statistic":"Shots On Target Faced","value":3,"display":"3"},{"match_id":3006,"team_id":6,"possession":"B","team":"Manhattan","statistic_id":36,"statistic":"Goals Conceded","value":2,"display":"2"},{"match_id":3006,"team_id":6,"possession":"B","team":"Manhattan","statistic_id":37,"statistic":"Saves","value":1,"display":"1"},{"match_id":3006,"team_id":6,"possession":"B","team":"Manhattan","statistic_id":38,"statistic":"Save %","value":0.3333,"display":"33%"},{"match_id":3006,"team_id":6,"possession":"B","team":"Manhattan","statistic_id":86,"statistic":"Shots Caught","value":0,"display":"0"},{"match_id":3006,"team_id":6,"possession":"B","team":"Manhattan","statistic_id":87,"statistic":"Crosses Caught","value":0,"display":"0"},{"match_id":3006,"team_id":6,"possession":"B","team":"Manhattan","statistic_id":89,"statistic":"Penalties Saved","value":0,"display":"0"},{"match_id":3006,"team_id":6,"possession":"B","team":"Manhattan","statistic_id":39,"statistic":"Goal Kicks","value":4,"display":"4"},{"match_id":3006,"team_id":6,"possession":"B","team":"Manhattan","statistic_id":40,"statistic":"Fouls Committed","value":7,"display":"7"},{"match_id":3006,"team_id":6,"possession":"B","team":"Manhattan","statistic_id":41,"statistic":"Penalties Conceded","value":0,"display":"0"},{"match_id":3006,"team_id":6,"possession":"B","team":"Manhattan","statistic_id":42,"statistic":"Offsides","value":1,"display":"1"},{"match_id":3006,"team_id":6,"possession":"B","team":"Manhattan","statistic_id":43,"statistic":"Yellow Cards","value":0,"display":"0"},{"match_id":3006,"team_id":6,"possession":"B","team":"Manhattan","statistic_id":44,"statistic":"Red Cards","value":0,"display":"0"},{"match_id":3006,"team_id":6,"possession":"B","team":"Manhattan","statistic_id":88,"statistic":"Second Yellows","value":0,"display":"0"},{"match_id":3006,"team_id":6,"possession":"B","team":"Manhattan","statistic_id":93,"statistic":"Appearances","value":1,"display":"1"},{"match_id":3006,"team_id":6,"possession":"B","team":"Manhattan","statistic_id":95,"statistic":"Possession","value":1166,"display":"1166"},{"match_id":3006,"team_id":6,"possession":"B","team":"Manhattan","statistic_id":96,"statistic":"Possession Conceded","value":815,"display":"815"},{"match_id":3006,"team_id":6,"possession":"B","team":"Manhattan","statistic":"Penalties Attempted","value":0,"display":"0"},{"match_id":3006,"team_id":6,"possession":"B","team":"Manhattan","statistic":"Penalties Faced","value":0,"display":"0"},{"match_id":3006,"team_id":6,"possession":"B","team":"Manhattan","statistic":"Expected Goals Faced","value":0.56,"display":"0.56"},{"match_id":3006,"team_id":6,"possession":"B","team":"Manhattan","statistic":"Penalty Goals Conceded","value":0,"display":"0"},{"match_id":3006,"team_id":6,"possession":"B","team":"Manhattan","statistic":"Expected Goal Difference","value":-1.05,"display":"-1.05"},{"match_id":3006,"team_id":6,"possession":"B","team":"Manhattan","statistic":"Effective Clearance %","value":0.5333,"display":"53%"},{"match_id":3006,"team_id":6,"possession":"B","team":"Manhattan","statistic":"Expected Goals Faced Difference","value":-1.44,"display":"-1.44"}]
