[{"team_id":3,"ID":549,"status":"AVAILABLE","reason":"","fatigue":0.0015,"fatigue_end":0.0363,"STM":45.084,"FIT":65.178,"fatigue_rate":0.0392,"recovery_target":0.0044,"recovery_value":0.0348},{"team_id":3,"ID":560,"status":"AVAILABLE","reason":"","fatigue":0,"fatigue_end":0.0093,"STM":80.478,"FIT":79.152,"fatigue_rate":0.0383,"recovery_target":0.009,"recovery_value":0.0293},{"team_id":3,"ID":523,"status":"AVAILABLE","reason":"","fatigue":0.0057,"fatigue_end":0.0317,"STM":83.742,"FIT":83.334,"fatigue_rate":0.0342,"recovery_target":0.0082,"recovery_value":0.026},{"team_id":3,"ID":261,"status":"AVAILABLE","reason":"","fatigue":0,"fatigue_end":0.0291,"STM":75.582,"FIT":76.092,"fatigue_rate":0.0443,"recovery_target":0.0096,"recovery_value":0.0347},{"team_id":3,"ID":277,"status":"AVAILABLE","reason":"","fatigue":0,"fatigue_end":0,"STM":30.498,"FIT":68.646,"fatigue_rate":0.0527,"recovery_target":0.0043,"recovery_value":0.0725},{"team_id":3,"ID":118,"status":"AVAILABLE","reason":"","fatigue":0,"fatigue_end":0.0241,"STM":69.462,"FIT":81.498,"fatigue_rate":0.0518,"recovery_target":0.0085,"recovery_value":0.0433},{"team_id":3,"ID":65,"status":"AVAILABLE","reason":"","fatigue":0,"fatigue_end":0,"STM":74.664,"FIT":80.682,"fatigue_rate":0.0454,"recovery_target":0.0087,"recovery_value":0.0551},{"team_id":3,"ID":117,"status":"AVAILABLE","reason":"","fatigue":0,"fatigue_end":0,"STM":72.522,"FIT":63.24,"fatigue_rate":0.0481,"recovery_target":0.0109,"recovery_value":0.0557},{"team_id":3,"ID":258,"status":"AVAILABLE","reason":"","fatigue":0,"fatigue_end":0,"STM":81.906,"FIT":83.538,"fatigue_rate":0.0365,"recovery_target":0.0082,"recovery_value":0.0425},{"team_id":3,"ID":381,"status":"AVAILABLE","reason":"","fatigue":0,"fatigue_end":0,"STM":75.072,"FIT":71.4,"fatigue_rate":0.0449,"recovery_target":0.0103,"recovery_value":0.052},{"team_id":3,"ID":68,"status":"AVAILABLE","reason":"","fatigue":0.006,"fatigue_end":0.0374,"STM":79.458,"FIT":84.048,"fatigue_rate":0.0395,"recovery_target":0.0081,"recovery_value":0.0314},{"team_id":3,"ID":293,"status":"AVAILABLE","reason":"","fatigue":0.0067,"fatigue_end":0.041,"STM":77.01,"FIT":83.538,"fatigue_rate":0.0425,"recovery_target":0.0082,"recovery_value":0.0343},{"team_id":3,"ID":221,"status":"AVAILABLE","reason":"","fatigue":0.0049,"fatigue_end":0.0311,"STM":84.252,"FIT":89.964,"fatigue_rate":0.0336,"recovery_target":0.0074,"recovery_value":0.0262},{"team_id":3,"ID":233,"status":"AVAILABLE","reason":"","fatigue":0.0062,"fatigue_end":0.028,"STM":87.21,"FIT":83.436,"fatigue_rate":0.03,"recovery_target":0.0082,"recovery_value":0.0218},{"team_id":3,"ID":212,"status":"AVAILABLE","reason":"","fatigue":0,"fatigue_end":0.0146,"STM":79.05,"FIT":84.456,"fatigue_rate":0.04,"recovery_target":0.008,"recovery_value":0.032},{"team_id":3,"ID":87,"status":"AVAILABLE","reason":"","fatigue":0,"fatigue_end":0.0332,"STM":64.464,"FIT":74.868,"fatigue_rate":0.058,"recovery_target":0.0098,"recovery_value":0.0482},{"team_id":3,"ID":323,"status":"AVAILABLE","reason":"","fatigue":0,"fatigue_end":0.0023,"STM":82.926,"FIT":75.48,"fatigue_rate":0.0352,"recovery_target":0.0097,"recovery_value":0.0256},{"team_id":3,"ID":64,"status":"AVAILABLE","reason":"","fatigue":0.0063,"fatigue_end":0.0401,"STM":77.622,"FIT":85.068,"fatigue_rate":0.0418,"recovery_target":0.008,"recovery_value":0.0338},{"team_id":3,"ID":276,"status":"UNAVAILABLE","return":2,"reason":"INJURED","fatigue":0,"fatigue_end":0.0069,"STM":79.866,"FIT":81.09,"fatigue_rate":0.039,"recovery_target":0.0086,"recovery_value":0.0304,"onset":1},{"team_id":3,"ID":147,"status":"AVAILABLE","reason":"","fatigue":0.003,"fatigue_end":0.0283,"STM":83.946,"FIT":80.784,"fatigue_rate":0.034,"recovery_target":0.0087,"recovery_value":0.0253}]
