[{"team_id":4,"ID":544,"status":"AVAILABLE","reason":"","fatigue":0.0085,"fatigue_end":0.0508,"STM":68.6,"FIT":67.816,"fatigue_rate":0.0529,"recovery_target":0.0106,"recovery_value":0.0423},{"team_id":4,"ID":526,"status":"AVAILABLE","reason":"","fatigue":0,"fatigue_end":0.0034,"STM":66.836,"FIT":63.896,"fatigue_rate":0.0551,"recovery_target":0.0109,"recovery_value":0.0442},{"team_id":4,"ID":433,"status":"AVAILABLE","reason":"","fatigue":0,"fatigue_end":0.0336,"STM":71.834,"FIT":82.614,"fatigue_rate":0.0489,"recovery_target":0.0083,"recovery_value":0.0406},{"team_id":4,"ID":178,"status":"AVAILABLE","reason":"","fatigue":0,"fatigue_end":0.0102,"STM":61.152,"FIT":64.386,"fatigue_rate":0.0621,"recovery_target":0.0108,"recovery_value":0.0512},{"team_id":4,"ID":369,"status":"AVAILABLE","reason":"","fatigue":0,"fatigue_end":0.0175,"STM":60.172,"FIT":60.074,"fatigue_rate":0.0633,"recovery_target":0.011,"recovery_value":0.0522},{"team_id":4,"ID":193,"status":"AVAILABLE","reason":"","fatigue":0,"fatigue_end":0,"STM":65.366,"FIT":87.22,"fatigue_rate":0.0569,"recovery_target":0.0077,"recovery_value":0.0738},{"team_id":4,"ID":7,"status":"AVAILABLE","reason":"","fatigue":0,"fatigue_end":0,"STM":69.384,"FIT":74.97,"fatigue_rate":0.0519,"recovery_target":0.0098,"recovery_value":0.0632},{"team_id":4,"ID":251,"status":"AVAILABLE","reason":"","fatigue":0,"fatigue_end":0,"STM":65.856,"FIT":74.284,"fatigue_rate":0.0563,"recovery_target":0.0099,"recovery_value":0.0696},{"team_id":4,"ID":107,"status":"AVAILABLE","reason":"","fatigue":0,"fatigue_end":0,"STM":26.656,"FIT":57.722,"fatigue_rate":0.0562,"recovery_target":0.0045,"recovery_value":0.0775},{"team_id":4,"ID":137,"status":"AVAILABLE","reason":"","fatigue":0.0006,"fatigue_end":0.0431,"STM":69.482,"FIT":77.42,"fatigue_rate":0.0518,"recovery_target":0.0093,"recovery_value":0.0425},{"team_id":4,"ID":124,"status":"AVAILABLE","reason":"","fatigue":0.0094,"fatigue_end":0.038,"STM":80.36,"FIT":74.382,"fatigue_rate":0.0384,"recovery_target":0.0099,"recovery_value":0.0285},{"team_id":4,"ID":264,"status":"AVAILABLE","reason":"","fatigue":0.0067,"fatigue_end":0.0631,"STM":58.31,"FIT":78.106,"fatigue_rate":0.0656,"recovery_target":0.0092,"recovery_value":0.0564},{"team_id":4,"ID":36,"status":"AVAILABLE","reason":"","fatigue":0.0048,"fatigue_end":0.0541,"STM":29.204,"FIT":59.486,"fatigue_rate":0.0538,"recovery_target":0.0045,"recovery_value":0.0493},{"team_id":4,"ID":244,"status":"AVAILABLE","reason":"","fatigue":0.0076,"fatigue_end":0.0384,"STM":80.066,"FIT":85.26,"fatigue_rate":0.0388,"recovery_target":0.0079,"recovery_value":0.0308},{"team_id":4,"ID":93,"status":"AVAILABLE","reason":"","fatigue":0.0076,"fatigue_end":0.0325,"STM":84.672,"FIT":83.496,"fatigue_rate":0.0331,"recovery_target":0.0082,"recovery_value":0.0249},{"team_id":4,"ID":116,"status":"AVAILABLE","reason":"","fatigue":0,"fatigue_end":0.0377,"STM":67.522,"FIT":72.52,"fatigue_rate":0.0542,"recovery_target":0.0101,"recovery_value":0.0441},{"team_id":4,"ID":152,"status":"AVAILABLE","reason":"","fatigue":0.0082,"fatigue_end":0.0357,"STM":82.026,"FIT":80.066,"fatigue_rate":0.0363,"recovery_target":0.0088,"recovery_value":0.0275},{"team_id":4,"ID":400,"status":"AVAILABLE","reason":"","fatigue":0,"fatigue_end":0,"STM":73.01,"FIT":68.208,"fatigue_rate":0.0475,"recovery_target":0.0106,"recovery_value":0.0553},{"team_id":4,"ID":23,"status":"AVAILABLE","reason":"","fatigue":0,"fatigue_end":0.0162,"STM":65.758,"FIT":80.752,"fatigue_rate":0.0564,"recovery_target":0.0087,"recovery_value":0.0477},{"team_id":4,"ID":164,"status":"AVAILABLE","reason":"","fatigue":0.0117,"fatigue_end":0.0459,"STM":74.97,"FIT":65.268,"fatigue_rate":0.045,"recovery_target":0.0108,"recovery_value":0.0343}]
