[{"team_id":11,"ID":543,"status":"AVAILABLE","reason":"","fatigue":0.0122,"fatigue_end":0.0578,"STM":68.034,"FIT":85.476,"fatigue_rate":0.0536,"recovery_target":0.0079,"recovery_value":0.0457},{"team_id":11,"ID":556,"status":"AVAILABLE","reason":"","fatigue":0,"fatigue_end":0,"STM":75.276,"FIT":75.684,"fatigue_rate":0.0447,"recovery_target":0.0096,"recovery_value":0.0525},{"team_id":11,"ID":504,"status":"AVAILABLE","reason":"","fatigue":0,"fatigue_end":0.0151,"STM":60.384,"FIT":63.444,"fatigue_rate":0.063,"recovery_target":0.0109,"recovery_value":0.0521},{"team_id":11,"ID":527,"status":"AVAILABLE","reason":"","fatigue":0,"fatigue_end":0,"STM":28.254,"FIT":69.666,"fatigue_rate":0.0547,"recovery_target":0.0043,"recovery_value":0.0757},{"team_id":11,"ID":424,"status":"AVAILABLE","reason":"","fatigue":0,"fatigue_end":0.0366,"STM":65.586,"FIT":80.58,"fatigue_rate":0.0566,"recovery_target":0.0087,"recovery_value":0.0479},{"team_id":11,"ID":390,"status":"AVAILABLE","reason":"","fatigue":0,"fatigue_end":0,"STM":63.444,"FIT":82.62,"fatigue_rate":0.0592,"recovery_target":0.0083,"recovery_value":0.0764},{"team_id":11,"ID":13,"status":"AVAILABLE","reason":"","fatigue":0,"fatigue_end":0,"STM":67.32,"FIT":73.644,"fatigue_rate":0.0545,"recovery_target":0.01,"recovery_value":0.0667},{"team_id":11,"ID":388,"status":"AVAILABLE","reason":"","fatigue":0,"fatigue_end":0.0027,"STM":68.238,"FIT":63.648,"fatigue_rate":0.0533,"recovery_target":0.0109,"recovery_value":0.0425},{"team_id":11,"ID":243,"status":"AVAILABLE","reason":"","fatigue":0,"fatigue_end":0.0255,"STM":42.534,"FIT":83.538,"fatigue_rate":0.085,"recovery_target":0.0082,"recovery_value":0.0768},{"team_id":11,"ID":324,"status":"AVAILABLE","reason":"","fatigue":0,"fatigue_end":0,"STM":82.008,"FIT":72.726,"fatigue_rate":0.0364,"recovery_target":0.0101,"recovery_value":0.0394},{"team_id":11,"ID":67,"status":"AVAILABLE","reason":"","fatigue":0,"fatigue_end":0.035,"STM":74.766,"FIT":94.554,"fatigue_rate":0.0453,"recovery_target":0.0071,"recovery_value":0.0382},{"team_id":11,"ID":168,"status":"AVAILABLE","reason":"","fatigue":0.0142,"fatigue_end":0.053,"STM":71.808,"FIT":72.42,"fatigue_rate":0.0489,"recovery_target":0.0101,"recovery_value":0.0388},{"team_id":11,"ID":234,"status":"AVAILABLE","reason":"","fatigue":0.0093,"fatigue_end":0.0359,"STM":83.436,"FIT":84.762,"fatigue_rate":0.0346,"recovery_target":0.008,"recovery_value":0.0266},{"team_id":11,"ID":278,"status":"AVAILABLE","reason":"","fatigue":0.0095,"fatigue_end":0.0317,"STM":87.21,"FIT":86.394,"fatigue_rate":0.03,"recovery_target":0.0078,"recovery_value":0.0222},{"team_id":11,"ID":103,"status":"AVAILABLE","reason":"","fatigue":0.0097,"fatigue_end":0.0306,"STM":88.332,"FIT":87.414,"fatigue_rate":0.0286,"recovery_target":0.0077,"recovery_value":0.0209},{"team_id":11,"ID":220,"status":"AVAILABLE","reason":"","fatigue":0.0101,"fatigue_end":0.0573,"STM":65.586,"FIT":77.52,"fatigue_rate":0.0566,"recovery_target":0.0093,"recovery_value":0.0473},{"team_id":11,"ID":343,"status":"AVAILABLE","reason":"","fatigue":0.0114,"fatigue_end":0.0489,"STM":74.562,"FIT":84.456,"fatigue_rate":0.0455,"recovery_target":0.008,"recovery_value":0.0375},{"team_id":11,"ID":207,"status":"AVAILABLE","reason":"","fatigue":0,"fatigue_end":0.0173,"STM":74.868,"FIT":86.394,"fatigue_rate":0.0452,"recovery_target":0.0078,"recovery_value":0.0374},{"team_id":11,"ID":299,"status":"AVAILABLE","reason":"","fatigue":0,"fatigue_end":0.0302,"STM":72.726,"FIT":77.724,"fatigue_rate":0.0478,"recovery_target":0.0093,"recovery_value":0.0385},{"team_id":11,"ID":321,"status":"AVAILABLE","reason":"","fatigue":0.0075,"fatigue_end":0.0513,"STM":35.292,"FIT":59.466,"fatigue_rate":0.0482,"recovery_target":0.0045,"recovery_value":0.0437}]
