[{"team_id":2,"ID":546,"status":"AVAILABLE","reason":"","fatigue":0,"fatigue_end":0.0004,"STM":84.378,"FIT":80.262,"fatigue_rate":0.0334,"recovery_target":0.0088,"recovery_value":0.0247},{"team_id":2,"ID":557,"status":"AVAILABLE","reason":"","fatigue":0,"fatigue_end":0,"STM":76.244,"FIT":76.342,"fatigue_rate":0.0435,"recovery_target":0.0095,"recovery_value":0.0509},{"team_id":2,"ID":528,"status":"AVAILABLE","reason":"","fatigue":0,"fatigue_end":0,"STM":70.756,"FIT":70.756,"fatigue_rate":0.0502,"recovery_target":0.0103,"recovery_value":0.0598},{"team_id":2,"ID":415,"status":"AVAILABLE","reason":"","fatigue":0,"fatigue_end":0,"STM":58.212,"FIT":72.128,"fatigue_rate":0.0657,"recovery_target":0.0102,"recovery_value":0.0833},{"team_id":2,"ID":29,"status":"AVAILABLE","reason":"","fatigue":0,"fatigue_end":0.0147,"STM":73.402,"FIT":71.344,"fatigue_rate":0.047,"recovery_target":0.0103,"recovery_value":0.0367},{"team_id":2,"ID":378,"status":"AVAILABLE","reason":"","fatigue":0,"fatigue_end":0.0061,"STM":73.108,"FIT":71.736,"fatigue_rate":0.0473,"recovery_target":0.0102,"recovery_value":0.0371},{"team_id":2,"ID":130,"status":"AVAILABLE","reason":"","fatigue":0,"fatigue_end":0,"STM":56.448,"FIT":66.738,"fatigue_rate":0.0679,"recovery_target":0.0107,"recovery_value":0.0858},{"team_id":2,"ID":361,"status":"AVAILABLE","reason":"","fatigue":0,"fatigue_end":0,"STM":30.674,"FIT":61.642,"fatigue_rate":0.0525,"recovery_target":0.0045,"recovery_value":0.072},{"team_id":2,"ID":306,"status":"AVAILABLE","reason":"","fatigue":0.0125,"fatigue_end":0.0517,"STM":72.422,"FIT":79.282,"fatigue_rate":0.0482,"recovery_target":0.009,"recovery_value":0.0392},{"team_id":2,"ID":42,"status":"AVAILABLE","reason":"","fatigue":0.0098,"fatigue_end":0.038,"STM":81.438,"FIT":79.968,"fatigue_rate":0.0371,"recovery_target":0.0088,"recovery_value":0.0282},{"team_id":2,"ID":70,"status":"AVAILABLE","reason":"","fatigue":0,"fatigue_end":0.0174,"STM":88.102,"FIT":85.064,"fatigue_rate":0.0289,"recovery_target":0.008,"recovery_value":0.0209},{"team_id":2,"ID":102,"status":"AVAILABLE","reason":"","fatigue":0.0084,"fatigue_end":0.0366,"STM":82.516,"FIT":87.906,"fatigue_rate":0.0357,"recovery_target":0.0076,"recovery_value":0.0281},{"team_id":2,"ID":14,"status":"AVAILABLE","reason":"","fatigue":0.0069,"fatigue_end":0.0502,"STM":35.868,"FIT":66.738,"fatigue_rate":0.0477,"recovery_target":0.0044,"recovery_value":0.0433},{"team_id":2,"ID":74,"status":"AVAILABLE","reason":"","fatigue":0,"fatigue_end":0.0425,"STM":62.426,"FIT":69.188,"fatigue_rate":0.0605,"recovery_target":0.0105,"recovery_value":0.05},{"team_id":2,"ID":311,"status":"AVAILABLE","reason":"","fatigue":0.0126,"fatigue_end":0.0548,"STM":69.678,"FIT":76.832,"fatigue_rate":0.0516,"recovery_target":0.0094,"recovery_value":0.0421},{"team_id":2,"ID":135,"status":"AVAILABLE","reason":"","fatigue":0.0107,"fatigue_end":0.0412,"STM":79.282,"FIT":77.714,"fatigue_rate":0.0397,"recovery_target":0.0093,"recovery_value":0.0305},{"team_id":2,"ID":216,"status":"AVAILABLE","reason":"","fatigue":0.0127,"fatigue_end":0.054,"STM":70.756,"FIT":79.576,"fatigue_rate":0.0502,"recovery_target":0.0089,"recovery_value":0.0413},{"team_id":2,"ID":127,"status":"AVAILABLE","reason":"","fatigue":0.0059,"fatigue_end":0.043,"STM":73.304,"FIT":73.402,"fatigue_rate":0.0471,"recovery_target":0.01,"recovery_value":0.0371},{"team_id":2,"ID":17,"status":"AVAILABLE","reason":"","fatigue":0,"fatigue_end":0.0132,"STM":76.832,"FIT":81.928,"fatigue_rate":0.0427,"recovery_target":0.0085,"recovery_value":0.0343},{"team_id":2,"ID":24,"status":"AVAILABLE","reason":"","fatigue":0.0136,"fatigue_end":0.0541,"STM":70.658,"FIT":74.676,"fatigue_rate":0.0503,"recovery_target":0.0098,"recovery_value":0.0405}]
