[{"team_id":10,"ID":545,"status":"AVAILABLE","reason":"","fatigue":0,"fatigue_end":0.0092,"STM":77.928,"FIT":77.112,"fatigue_rate":0.0414,"recovery_target":0.0094,"recovery_value":0.032},{"team_id":10,"ID":559,"status":"AVAILABLE","reason":"","fatigue":0,"fatigue_end":0.0116,"STM":70.686,"FIT":79.968,"fatigue_rate":0.0503,"recovery_target":0.0088,"recovery_value":0.0415},{"team_id":10,"ID":525,"status":"AVAILABLE","reason":"","fatigue":0,"fatigue_end":0,"STM":69.156,"FIT":76.806,"fatigue_rate":0.0522,"recovery_target":0.0094,"recovery_value":0.0641},{"team_id":10,"ID":491,"status":"AVAILABLE","reason":"","fatigue":0.0069,"fatigue_end":0.0319,"STM":85.17,"FIT":89.658,"fatigue_rate":0.0325,"recovery_target":0.0075,"recovery_value":0.025},{"team_id":10,"ID":69,"status":"AVAILABLE","reason":"","fatigue":0,"fatigue_end":0.0202,"STM":84.66,"FIT":77.112,"fatigue_rate":0.0331,"recovery_target":0.0094,"recovery_value":0.0237},{"team_id":10,"ID":196,"status":"AVAILABLE","reason":"","fatigue":0,"fatigue_end":0,"STM":73.848,"FIT":81.702,"fatigue_rate":0.0464,"recovery_target":0.0085,"recovery_value":0.0569},{"team_id":10,"ID":213,"status":"AVAILABLE","reason":"","fatigue":0,"fatigue_end":0,"STM":57.222,"FIT":80.172,"fatigue_rate":0.0669,"recovery_target":0.0088,"recovery_value":0.0872},{"team_id":10,"ID":387,"status":"AVAILABLE","reason":"","fatigue":0,"fatigue_end":0.0056,"STM":75.684,"FIT":77.01,"fatigue_rate":0.0442,"recovery_target":0.0094,"recovery_value":0.0348},{"team_id":10,"ID":122,"status":"AVAILABLE","reason":"","fatigue":0,"fatigue_end":0,"STM":63.75,"FIT":74.97,"fatigue_rate":0.0589,"recovery_target":0.0098,"recovery_value":0.0736},{"team_id":10,"ID":19,"status":"AVAILABLE","reason":"","fatigue":0,"fatigue_end":0,"STM":30.804,"FIT":67.524,"fatigue_rate":0.0524,"recovery_target":0.0044,"recovery_value":0.072},{"team_id":10,"ID":22,"status":"AVAILABLE","reason":"","fatigue":0.0116,"fatigue_end":0.0577,"STM":65.586,"FIT":68.238,"fatigue_rate":0.0566,"recovery_target":0.0106,"recovery_value":0.046},{"team_id":10,"ID":356,"status":"AVAILABLE","reason":"","fatigue":0.0094,"fatigue_end":0.0432,"STM":76.806,"FIT":79.05,"fatigue_rate":0.0428,"recovery_target":0.009,"recovery_value":0.0338},{"team_id":10,"ID":35,"status":"AVAILABLE","reason":"","fatigue":0.0078,"fatigue_end":0.0424,"STM":77.316,"FIT":89.046,"fatigue_rate":0.0421,"recovery_target":0.0075,"recovery_value":0.0346},{"team_id":10,"ID":109,"status":"AVAILABLE","reason":"","fatigue":0,"fatigue_end":0.0307,"STM":77.112,"FIT":90.168,"fatigue_rate":0.0424,"recovery_target":0.0074,"recovery_value":0.035},{"team_id":10,"ID":391,"status":"AVAILABLE","reason":"","fatigue":0.0087,"fatigue_end":0.0263,"STM":91.392,"FIT":93.636,"fatigue_rate":0.0248,"recovery_target":0.0072,"recovery_value":0.0176},{"team_id":10,"ID":95,"status":"UNAVAILABLE","reason":"INJURED","fatigue":0,"fatigue_end":0.0138,"STM":70.89,"FIT":84.966,"fatigue_rate":0.0501,"recovery_target":0.008,"recovery_value":0.0421,"return":2,"onset":1},{"team_id":10,"ID":379,"status":"AVAILABLE","reason":"","fatigue":0,"fatigue_end":0.0371,"STM":71.808,"FIT":80.58,"fatigue_rate":0.0489,"recovery_target":0.0087,"recovery_value":0.0402},{"team_id":10,"ID":319,"status":"AVAILABLE","reason":"","fatigue":0.0039,"fatigue_end":0.0422,"STM":72.522,"FIT":75.174,"fatigue_rate":0.0481,"recovery_target":0.0097,"recovery_value":0.0383},{"team_id":10,"ID":352,"status":"AVAILABLE","reason":"","fatigue":0.0107,"fatigue_end":0.0499,"STM":72.216,"FIT":77.928,"fatigue_rate":0.0484,"recovery_target":0.0092,"recovery_value":0.0392},{"team_id":10,"ID":31,"status":"AVAILABLE","reason":"","fatigue":0.0019,"fatigue_end":0.0584,"STM":21.42,"FIT":61.71,"fatigue_rate":0.061,"recovery_target":0.0045,"recovery_value":0.0565}]
