[{"team_id":9,"ID":550,"status":"AVAILABLE","reason":"","fatigue":0,"fatigue_end":0,"STM":75.656,"FIT":83.986,"fatigue_rate":0.0442,"recovery_target":0.0081,"recovery_value":0.0541},{"team_id":9,"ID":482,"status":"AVAILABLE","reason":"","fatigue":0.0137,"fatigue_end":0.0535,"STM":71.442,"FIT":76.146,"fatigue_rate":0.0494,"recovery_target":0.0096,"recovery_value":0.0398},{"team_id":9,"ID":524,"status":"AVAILABLE","reason":"","fatigue":0,"fatigue_end":0.0435,"STM":67.522,"FIT":75.068,"fatigue_rate":0.0542,"recovery_target":0.0097,"recovery_value":0.0445},{"team_id":9,"ID":182,"status":"AVAILABLE","reason":"","fatigue":0,"fatigue_end":0,"STM":74.284,"FIT":71.148,"fatigue_rate":0.0459,"recovery_target":0.0103,"recovery_value":0.0534},{"team_id":9,"ID":145,"status":"AVAILABLE","reason":"","fatigue":0,"fatigue_end":0,"STM":41.062,"FIT":71.442,"fatigue_rate":0.0429,"recovery_target":0.0042,"recovery_value":0.058},{"team_id":9,"ID":180,"status":"AVAILABLE","reason":"","fatigue":0,"fatigue_end":0,"STM":64.68,"FIT":69.678,"fatigue_rate":0.0577,"recovery_target":0.0104,"recovery_value":0.0709},{"team_id":9,"ID":20,"status":"AVAILABLE","reason":"","fatigue":0,"fatigue_end":0.0066,"STM":63.504,"FIT":68.404,"fatigue_rate":0.0592,"recovery_target":0.0106,"recovery_value":0.0486},{"team_id":9,"ID":322,"status":"AVAILABLE","reason":"","fatigue":0,"fatigue_end":0,"STM":78.498,"FIT":74.382,"fatigue_rate":0.0407,"recovery_target":0.0099,"recovery_value":0.0462},{"team_id":9,"ID":384,"status":"AVAILABLE","reason":"","fatigue":0,"fatigue_end":0,"STM":65.464,"FIT":81.536,"fatigue_rate":0.0567,"recovery_target":0.0085,"recovery_value":0.0723},{"team_id":9,"ID":382,"status":"AVAILABLE","reason":"","fatigue":0.0014,"fatigue_end":0.0595,"STM":56.252,"FIT":73.402,"fatigue_rate":0.0681,"recovery_target":0.01,"recovery_value":0.0581},{"team_id":9,"ID":48,"status":"AVAILABLE","reason":"","fatigue":0.0091,"fatigue_end":0.039,"STM":81.144,"FIT":88.396,"fatigue_rate":0.0374,"recovery_target":0.0076,"recovery_value":0.0299},{"team_id":9,"ID":119,"status":"AVAILABLE","reason":"","fatigue":0.0091,"fatigue_end":0.0371,"STM":82.516,"FIT":86.632,"fatigue_rate":0.0357,"recovery_target":0.0078,"recovery_value":0.028},{"team_id":9,"ID":286,"status":"AVAILABLE","reason":"","fatigue":0,"fatigue_end":0.0123,"STM":71.246,"FIT":70.364,"fatigue_rate":0.0496,"recovery_target":0.0104,"recovery_value":0.0392},{"team_id":9,"ID":75,"status":"AVAILABLE","reason":"","fatigue":0.0054,"fatigue_end":0.0448,"STM":40.964,"FIT":81.046,"fatigue_rate":0.043,"recovery_target":0.0035,"recovery_value":0.0394},{"team_id":9,"ID":209,"status":"AVAILABLE","reason":"","fatigue":0,"fatigue_end":0.037,"STM":73.5,"FIT":75.95,"fatigue_rate":0.0468,"recovery_target":0.0096,"recovery_value":0.0372},{"team_id":9,"ID":83,"status":"AVAILABLE","reason":"","fatigue":0.0093,"fatigue_end":0.0321,"STM":86.73,"FIT":86.632,"fatigue_rate":0.0305,"recovery_target":0.0078,"recovery_value":0.0228},{"team_id":9,"ID":231,"status":"AVAILABLE","reason":"","fatigue":0,"fatigue_end":0.0156,"STM":53.312,"FIT":77.322,"fatigue_rate":0.0717,"recovery_target":0.0093,"recovery_value":0.0624},{"team_id":9,"ID":134,"status":"AVAILABLE","reason":"","fatigue":0.0111,"fatigue_end":0.0426,"STM":78.694,"FIT":78.988,"fatigue_rate":0.0404,"recovery_target":0.009,"recovery_value":0.0314},{"team_id":9,"ID":15,"status":"AVAILABLE","reason":"","fatigue":0.0094,"fatigue_end":0.0645,"STM":60.662,"FIT":88.396,"fatigue_rate":0.0627,"recovery_target":0.0076,"recovery_value":0.0551},{"team_id":9,"ID":101,"status":"AVAILABLE","reason":"","fatigue":0.0132,"fatigue_end":0.051,"STM":73.206,"FIT":77.126,"fatigue_rate":0.0472,"recovery_target":0.0094,"recovery_value":0.0378}]
