[{"team_id":7,"ID":563,"status":"AVAILABLE","reason":"","fatigue":0,"fatigue_end":0,"STM":70.56,"FIT":79.478,"fatigue_rate":0.0505,"recovery_target":0.0089,"recovery_value":0.0623},{"team_id":7,"ID":553,"status":"AVAILABLE","reason":"","fatigue":0,"fatigue_end":0,"STM":77.126,"FIT":76.244,"fatigue_rate":0.0424,"recovery_target":0.0095,"recovery_value":0.0493},{"team_id":7,"ID":529,"status":"AVAILABLE","reason":"","fatigue":0,"fatigue_end":0,"STM":74.97,"FIT":73.304,"fatigue_rate":0.045,"recovery_target":0.01,"recovery_value":0.0525},{"team_id":7,"ID":45,"status":"AVAILABLE","reason":"","fatigue":0,"fatigue_end":0.0069,"STM":77.714,"FIT":79.38,"fatigue_rate":0.0417,"recovery_target":0.0089,"recovery_value":0.0327},{"team_id":7,"ID":141,"status":"AVAILABLE","reason":"","fatigue":0,"fatigue_end":0,"STM":42.238,"FIT":79.968,"fatigue_rate":0.0418,"recovery_target":0.0036,"recovery_value":0.0573},{"team_id":7,"ID":60,"status":"AVAILABLE","reason":"","fatigue":0,"fatigue_end":0.0164,"STM":65.366,"FIT":71.148,"fatigue_rate":0.0569,"recovery_target":0.0103,"recovery_value":0.0466},{"team_id":7,"ID":51,"status":"AVAILABLE","reason":"","fatigue":0,"fatigue_end":0,"STM":68.6,"FIT":82.222,"fatigue_rate":0.0529,"recovery_target":0.0084,"recovery_value":0.0667},{"team_id":7,"ID":228,"status":"AVAILABLE","reason":"","fatigue":0.0077,"fatigue_end":0.0429,"STM":76.44,"FIT":85.064,"fatigue_rate":0.0432,"recovery_target":0.008,"recovery_value":0.0353},{"team_id":7,"ID":288,"status":"AVAILABLE","reason":"","fatigue":0,"fatigue_end":0.0302,"STM":73.794,"FIT":77.224,"fatigue_rate":0.0465,"recovery_target":0.0094,"recovery_value":0.0371},{"team_id":7,"ID":77,"status":"AVAILABLE","reason":"","fatigue":0.0078,"fatigue_end":0.0406,"STM":78.008,"FIT":81.634,"fatigue_rate":0.0413,"recovery_target":0.0085,"recovery_value":0.0328},{"team_id":7,"ID":274,"status":"UNAVAILABLE","reason":"SUSPENDED","fatigue":0.0044,"fatigue_end":0.0336,"STM":81.732,"FIT":88.886,"fatigue_rate":0.0367,"recovery_target":0.0075,"recovery_value":0.0292,"onset":1},{"team_id":7,"ID":317,"status":"AVAILABLE","reason":"","fatigue":0.0103,"fatigue_end":0.0477,"STM":73.304,"FIT":75.166,"fatigue_rate":0.0471,"recovery_target":0.0097,"recovery_value":0.0374},{"team_id":7,"ID":183,"status":"AVAILABLE","reason":"","fatigue":0.0108,"fatigue_end":0.0472,"STM":73.598,"FIT":71.148,"fatigue_rate":0.0467,"recovery_target":0.0103,"recovery_value":0.0364},{"team_id":7,"ID":203,"status":"AVAILABLE","reason":"","fatigue":0,"fatigue_end":0.0457,"STM":66.052,"FIT":76.146,"fatigue_rate":0.056,"recovery_target":0.0096,"recovery_value":0.0465},{"team_id":7,"ID":111,"status":"AVAILABLE","reason":"","fatigue":0.0093,"fatigue_end":0.0453,"STM":74.872,"FIT":78.302,"fatigue_rate":0.0452,"recovery_target":0.0092,"recovery_value":0.036},{"team_id":7,"ID":349,"status":"AVAILABLE","reason":"","fatigue":0,"fatigue_end":0.0276,"STM":81.34,"FIT":80.458,"fatigue_rate":0.0372,"recovery_target":0.0087,"recovery_value":0.0285},{"team_id":7,"ID":156,"status":"AVAILABLE","reason":"","fatigue":0,"fatigue_end":0.0056,"STM":83.006,"FIT":85.652,"fatigue_rate":0.0351,"recovery_target":0.0079,"recovery_value":0.0273},{"team_id":7,"ID":5,"status":"AVAILABLE","reason":"","fatigue":0,"fatigue_end":0.0107,"STM":79.478,"FIT":79.478,"fatigue_rate":0.0395,"recovery_target":0.0089,"recovery_value":0.0306},{"team_id":7,"ID":86,"status":"AVAILABLE","reason":"","fatigue":0.003,"fatigue_end":0.0415,"STM":41.16,"FIT":70.07,"fatigue_rate":0.0428,"recovery_target":0.0043,"recovery_value":0.0385},{"team_id":7,"ID":37,"status":"AVAILABLE","reason":"","fatigue":0,"fatigue_end":0.043,"STM":56.84,"FIT":61.054,"fatigue_rate":0.0674,"recovery_target":0.011,"recovery_value":0.0564}]
