[{"team_id":1,"ID":552,"status":"AVAILABLE","reason":"","fatigue":0,"fatigue_end":0,"STM":83.64,"FIT":78.438,"fatigue_rate":0.0344,"recovery_target":0.0091,"recovery_value":0.0378},{"team_id":1,"ID":125,"status":"AVAILABLE","reason":"","fatigue":0,"fatigue_end":0.0104,"STM":74.256,"FIT":71.196,"fatigue_rate":0.0459,"recovery_target":0.0103,"recovery_value":0.0356},{"team_id":1,"ID":171,"status":"AVAILABLE","reason":"","fatigue":0.0093,"fatigue_end":0.0463,"STM":74.256,"FIT":79.05,"fatigue_rate":0.0459,"recovery_target":0.009,"recovery_value":0.0369},{"team_id":1,"ID":146,"status":"AVAILABLE","reason":"","fatigue":0,"fatigue_end":0,"STM":79.866,"FIT":70.992,"fatigue_rate":0.039,"recovery_target":0.0103,"recovery_value":0.043},{"team_id":1,"ID":281,"status":"AVAILABLE","reason":"","fatigue":0,"fatigue_end":0.0205,"STM":85.068,"FIT":89.352,"fatigue_rate":0.0326,"recovery_target":0.0075,"recovery_value":0.0251},{"team_id":1,"ID":189,"status":"AVAILABLE","reason":"","fatigue":0,"fatigue_end":0,"STM":62.016,"FIT":81.804,"fatigue_rate":0.061,"recovery_target":0.0085,"recovery_value":0.0788},{"team_id":1,"ID":144,"status":"AVAILABLE","reason":"","fatigue":0,"fatigue_end":0,"STM":77.01,"FIT":74.664,"fatigue_rate":0.0425,"recovery_target":0.0098,"recovery_value":0.0491},{"team_id":1,"ID":253,"status":"AVAILABLE","reason":"","fatigue":0,"fatigue_end":0,"STM":41.31,"FIT":74.154,"fatigue_rate":0.0427,"recovery_target":0.0041,"recovery_value":0.0579},{"team_id":1,"ID":282,"status":"AVAILABLE","reason":"","fatigue":0.0075,"fatigue_end":0.0372,"STM":80.274,"FIT":80.172,"fatigue_rate":0.0385,"recovery_target":0.0088,"recovery_value":0.0297},{"team_id":1,"ID":252,"status":"AVAILABLE","reason":"","fatigue":0,"fatigue_end":0.0083,"STM":68.646,"FIT":78.744,"fatigue_rate":0.0528,"recovery_target":0.0091,"recovery_value":0.0438},{"team_id":1,"ID":187,"status":"AVAILABLE","reason":"","fatigue":0.0096,"fatigue_end":0.0236,"STM":93.942,"FIT":87.108,"fatigue_rate":0.0217,"recovery_target":0.0077,"recovery_value":0.014},{"team_id":1,"ID":242,"status":"AVAILABLE","reason":"","fatigue":0.0058,"fatigue_end":0.033,"STM":83.436,"FIT":90.576,"fatigue_rate":0.0346,"recovery_target":0.0074,"recovery_value":0.0272},{"team_id":1,"ID":185,"status":"AVAILABLE","reason":"","fatigue":0.0087,"fatigue_end":0.0549,"STM":67.728,"FIT":85.986,"fatigue_rate":0.054,"recovery_target":0.0078,"recovery_value":0.0461},{"team_id":1,"ID":167,"status":"AVAILABLE","reason":"","fatigue":0.0081,"fatigue_end":0.0378,"STM":79.866,"FIT":77.622,"fatigue_rate":0.039,"recovery_target":0.0093,"recovery_value":0.0297},{"team_id":1,"ID":40,"status":"AVAILABLE","reason":"","fatigue":0,"fatigue_end":0.0467,"STM":57.324,"FIT":72.42,"fatigue_rate":0.0668,"recovery_target":0.0101,"recovery_value":0.0566},{"team_id":1,"ID":140,"status":"AVAILABLE","reason":"","fatigue":0.0005,"fatigue_end":0.037,"STM":74.664,"FIT":79.356,"fatigue_rate":0.0454,"recovery_target":0.0089,"recovery_value":0.0365},{"team_id":1,"ID":21,"status":"AVAILABLE","reason":"","fatigue":0.0028,"fatigue_end":0.0404,"STM":42.126,"FIT":70.788,"fatigue_rate":0.0419,"recovery_target":0.0042,"recovery_value":0.0377},{"team_id":1,"ID":12,"status":"AVAILABLE","reason":"","fatigue":0,"fatigue_end":0.0111,"STM":72.42,"FIT":85.068,"fatigue_rate":0.0482,"recovery_target":0.008,"recovery_value":0.0402},{"team_id":1,"ID":128,"status":"AVAILABLE","reason":"","fatigue":0.0063,"fatigue_end":0.0333,"STM":83.232,"FIT":85.068,"fatigue_rate":0.0349,"recovery_target":0.008,"recovery_value":0.0269},{"team_id":1,"ID":79,"status":"AVAILABLE","reason":"","fatigue":0,"fatigue_end":0,"STM":78.132,"FIT":80.886,"fatigue_rate":0.0411,"recovery_target":0.0086,"recovery_value":0.0487}]
