[{"team_id":6,"ID":547,"status":"AVAILABLE","reason":"","fatigue":0,"fatigue_end":0.0325,"STM":69.678,"FIT":70.756,"fatigue_rate":0.0516,"recovery_target":0.0103,"recovery_value":0.0412},{"team_id":6,"ID":531,"status":"AVAILABLE","reason":"","fatigue":0,"fatigue_end":0.0075,"STM":66.64,"FIT":66.64,"fatigue_rate":0.0553,"recovery_target":0.0107,"recovery_value":0.0446},{"team_id":6,"ID":460,"status":"AVAILABLE","reason":"","fatigue":0,"fatigue_end":0,"STM":56.938,"FIT":83.986,"fatigue_rate":0.0673,"recovery_target":0.0081,"recovery_value":0.0887},{"team_id":6,"ID":136,"status":"AVAILABLE","reason":"","fatigue":0,"fatigue_end":0,"STM":50.372,"FIT":71.638,"fatigue_rate":0.0343,"recovery_target":0.0042,"recovery_value":0.0452},{"team_id":6,"ID":248,"status":"AVAILABLE","reason":"","fatigue":0,"fatigue_end":0.0141,"STM":74.088,"FIT":71.442,"fatigue_rate":0.0461,"recovery_target":0.0103,"recovery_value":0.0359},{"team_id":6,"ID":330,"status":"AVAILABLE","reason":"","fatigue":0,"fatigue_end":0.0079,"STM":73.01,"FIT":68.698,"fatigue_rate":0.0475,"recovery_target":0.0105,"recovery_value":0.0369},{"team_id":6,"ID":163,"status":"AVAILABLE","reason":"","fatigue":0,"fatigue_end":0,"STM":67.032,"FIT":73.5,"fatigue_rate":0.0548,"recovery_target":0.01,"recovery_value":0.0672},{"team_id":6,"ID":353,"status":"AVAILABLE","reason":"","fatigue":0,"fatigue_end":0,"STM":72.226,"FIT":79.086,"fatigue_rate":0.0484,"recovery_target":0.009,"recovery_value":0.0591},{"team_id":6,"ID":376,"status":"AVAILABLE","reason":"","fatigue":0,"fatigue_end":0,"STM":53.41,"FIT":72.52,"fatigue_rate":0.0716,"recovery_target":0.0101,"recovery_value":0.0922},{"team_id":6,"ID":297,"status":"AVAILABLE","reason":"","fatigue":0.0076,"fatigue_end":0.0275,"STM":87.71,"FIT":77.028,"fatigue_rate":0.0293,"recovery_target":0.0094,"recovery_value":0.0199},{"team_id":6,"ID":49,"status":"AVAILABLE","reason":"","fatigue":0.0079,"fatigue_end":0.0461,"STM":73.598,"FIT":81.928,"fatigue_rate":0.0467,"recovery_target":0.0085,"recovery_value":0.0383},{"team_id":6,"ID":61,"status":"UNAVAILABLE","return":3,"reason":"INJURED","fatigue":0,"fatigue_end":0.027,"STM":82.418,"FIT":88.984,"fatigue_rate":0.0359,"recovery_target":0.0075,"recovery_value":0.0284,"onset":1},{"team_id":6,"ID":255,"status":"AVAILABLE","reason":"","fatigue":0.006,"fatigue_end":0.0262,"STM":89.18,"FIT":91.728,"fatigue_rate":0.0275,"recovery_target":0.0073,"recovery_value":0.0202},{"team_id":6,"ID":316,"status":"AVAILABLE","reason":"","fatigue":0.0073,"fatigue_end":0.0464,"STM":73.402,"FIT":85.75,"fatigue_rate":0.047,"recovery_target":0.0079,"recovery_value":0.0391},{"team_id":6,"ID":239,"status":"AVAILABLE","reason":"","fatigue":0,"fatigue_end":0.0144,"STM":73.402,"FIT":68.698,"fatigue_rate":0.047,"recovery_target":0.0105,"recovery_value":0.0364},{"team_id":6,"ID":354,"status":"AVAILABLE","reason":"","fatigue":0,"fatigue_end":0.0302,"STM":78.596,"FIT":76.44,"fatigue_rate":0.0406,"recovery_target":0.0095,"recovery_value":0.0311},{"team_id":6,"ID":226,"status":"AVAILABLE","reason":"","fatigue":0.0069,"fatigue_end":0.056,"STM":65.464,"FIT":87.612,"fatigue_rate":0.0567,"recovery_target":0.0076,"recovery_value":0.0491},{"team_id":6,"ID":217,"status":"AVAILABLE","reason":"","fatigue":0.0031,"fatigue_end":0.0482,"STM":34.006,"FIT":69.384,"fatigue_rate":0.0494,"recovery_target":0.0043,"recovery_value":0.0451},{"team_id":6,"ID":198,"status":"AVAILABLE","reason":"","fatigue":0.0054,"fatigue_end":0.0605,"STM":59.584,"FIT":79.478,"fatigue_rate":0.064,"recovery_target":0.0089,"recovery_value":0.0551},{"team_id":6,"ID":53,"status":"AVAILABLE","reason":"","fatigue":0,"fatigue_end":0.0292,"STM":72.912,"FIT":80.752,"fatigue_rate":0.0476,"recovery_target":0.0087,"recovery_value":0.0389}]
