[{"team_id":12,"ID":541,"status":"AVAILABLE","reason":"","fatigue":0,"fatigue_end":0.0411,"STM":67.522,"FIT":78.694,"fatigue_rate":0.0542,"recovery_target":0.0091,"recovery_value":0.0451},{"team_id":12,"ID":551,"status":"AVAILABLE","reason":"","fatigue":0,"fatigue_end":0.0125,"STM":70.756,"FIT":73.108,"fatigue_rate":0.0502,"recovery_target":0.01,"recovery_value":0.0402},{"team_id":12,"ID":513,"status":"AVAILABLE","reason":"","fatigue":0.0095,"fatigue_end":0.0434,"STM":77.028,"FIT":81.144,"fatigue_rate":0.0425,"recovery_target":0.0086,"recovery_value":0.0339},{"team_id":12,"ID":138,"status":"AVAILABLE","reason":"","fatigue":0,"fatigue_end":0.0049,"STM":60.368,"FIT":65.562,"fatigue_rate":0.063,"recovery_target":0.0108,"recovery_value":0.0523},{"team_id":12,"ID":327,"status":"AVAILABLE","reason":"","fatigue":0,"fatigue_end":0,"STM":54.586,"FIT":77.322,"fatigue_rate":0.0702,"recovery_target":0.0093,"recovery_value":0.0912},{"team_id":12,"ID":289,"status":"AVAILABLE","reason":"","fatigue":0.0134,"fatigue_end":0.0541,"STM":69.776,"FIT":65.66,"fatigue_rate":0.0514,"recovery_target":0.0108,"recovery_value":0.0407},{"team_id":12,"ID":225,"status":"AVAILABLE","reason":"","fatigue":0,"fatigue_end":0.0103,"STM":73.99,"FIT":72.128,"fatigue_rate":0.0462,"recovery_target":0.0102,"recovery_value":0.0361},{"team_id":12,"ID":204,"status":"AVAILABLE","reason":"","fatigue":0,"fatigue_end":0,"STM":69.188,"FIT":64.288,"fatigue_rate":0.0522,"recovery_target":0.0108,"recovery_value":0.062},{"team_id":12,"ID":259,"status":"AVAILABLE","reason":"","fatigue":0,"fatigue_end":0,"STM":29.106,"FIT":61.936,"fatigue_rate":0.0539,"recovery_target":0.0045,"recovery_value":0.0742},{"team_id":12,"ID":9,"status":"AVAILABLE","reason":"","fatigue":0,"fatigue_end":0,"STM":58.8,"FIT":59.584,"fatigue_rate":0.065,"recovery_target":0.011,"recovery_value":0.0809},{"team_id":12,"ID":84,"status":"AVAILABLE","reason":"","fatigue":0,"fatigue_end":0.0311,"STM":76.342,"FIT":77.126,"fatigue_rate":0.0433,"recovery_target":0.0094,"recovery_value":0.034},{"team_id":12,"ID":262,"status":"AVAILABLE","reason":"","fatigue":0.0047,"fatigue_end":0.0405,"STM":76.048,"FIT":85.162,"fatigue_rate":0.0437,"recovery_target":0.0079,"recovery_value":0.0358},{"team_id":12,"ID":139,"status":"AVAILABLE","reason":"","fatigue":0,"fatigue_end":0.0154,"STM":57.82,"FIT":78.204,"fatigue_rate":0.0662,"recovery_target":0.0092,"recovery_value":0.057},{"team_id":12,"ID":240,"status":"AVAILABLE","reason":"","fatigue":0.0126,"fatigue_end":0.0513,"STM":71.834,"FIT":72.52,"fatigue_rate":0.0489,"recovery_target":0.0101,"recovery_value":0.0388},{"team_id":12,"ID":269,"status":"AVAILABLE","reason":"","fatigue":0.0116,"fatigue_end":0.0493,"STM":73.206,"FIT":76.636,"fatigue_rate":0.0472,"recovery_target":0.0095,"recovery_value":0.0377},{"team_id":12,"ID":184,"status":"UNAVAILABLE","reason":"INJURED","fatigue":0,"fatigue_end":0.0242,"STM":82.908,"FIT":81.928,"fatigue_rate":0.0353,"recovery_target":0.0085,"recovery_value":0.0268,"return":5,"onset":1},{"team_id":12,"ID":318,"status":"AVAILABLE","reason":"","fatigue":0.0075,"fatigue_end":0.0317,"STM":85.456,"FIT":85.26,"fatigue_rate":0.0321,"recovery_target":0.0079,"recovery_value":0.0242},{"team_id":12,"ID":398,"status":"AVAILABLE","reason":"","fatigue":0,"fatigue_end":0,"STM":65.562,"FIT":78.694,"fatigue_rate":0.0566,"recovery_target":0.0091,"recovery_value":0.0713},{"team_id":12,"ID":131,"status":"AVAILABLE","reason":"","fatigue":0.0117,"fatigue_end":0.0451,"STM":75.95,"FIT":69.678,"fatigue_rate":0.0438,"recovery_target":0.0104,"recovery_value":0.0334},{"team_id":12,"ID":394,"status":"AVAILABLE","reason":"","fatigue":0.0042,"fatigue_end":0.0321,"STM":52.724,"FIT":69.09,"fatigue_rate":0.0321,"recovery_target":0.0043,"recovery_value":0.0278}]
