[{"team_id":8,"ID":542,"status":"AVAILABLE","reason":"","fatigue":0,"fatigue_end":0.0437,"STM":57.936,"FIT":73.746,"fatigue_rate":0.066,"recovery_target":0.01,"recovery_value":0.0561},{"team_id":8,"ID":554,"status":"AVAILABLE","reason":"","fatigue":0,"fatigue_end":0,"STM":77.418,"FIT":76.806,"fatigue_rate":0.042,"recovery_target":0.0094,"recovery_value":0.0489},{"team_id":8,"ID":446,"status":"AVAILABLE","reason":"","fatigue":0,"fatigue_end":0,"STM":67.32,"FIT":68.748,"fatigue_rate":0.0545,"recovery_target":0.0105,"recovery_value":0.0659},{"team_id":8,"ID":472,"status":"AVAILABLE","reason":"","fatigue":0,"fatigue_end":0.0147,"STM":75.174,"FIT":95.982,"fatigue_rate":0.0448,"recovery_target":0.0071,"recovery_value":0.0377},{"team_id":8,"ID":521,"status":"AVAILABLE","reason":"","fatigue":0.012,"fatigue_end":0.0459,"STM":76.194,"FIT":75.786,"fatigue_rate":0.0435,"recovery_target":0.0096,"recovery_value":0.0339},{"team_id":8,"ID":81,"status":"AVAILABLE","reason":"","fatigue":0,"fatigue_end":0.0102,"STM":85.782,"FIT":85.782,"fatigue_rate":0.0317,"recovery_target":0.0079,"recovery_value":0.0239},{"team_id":8,"ID":153,"status":"UNAVAILABLE","reason":"INJURED","fatigue":0,"fatigue_end":0.0191,"STM":71.196,"FIT":77.112,"fatigue_rate":0.0497,"recovery_target":0.0094,"recovery_value":0.0403,"return":2,"onset":1},{"team_id":8,"ID":33,"status":"AVAILABLE","reason":"","fatigue":0,"fatigue_end":0.0027,"STM":76.602,"FIT":85.17,"fatigue_rate":0.043,"recovery_target":0.0079,"recovery_value":0.0351},{"team_id":8,"ID":298,"status":"AVAILABLE","reason":"","fatigue":0,"fatigue_end":0,"STM":70.992,"FIT":75.99,"fatigue_rate":0.0499,"recovery_target":0.0096,"recovery_value":0.0605},{"team_id":8,"ID":26,"status":"AVAILABLE","reason":"","fatigue":0,"fatigue_end":0,"STM":78.54,"FIT":79.764,"fatigue_rate":0.0406,"recovery_target":0.0089,"recovery_value":0.0477},{"team_id":8,"ID":158,"status":"AVAILABLE","reason":"","fatigue":0,"fatigue_end":0,"STM":33.762,"FIT":59.67,"fatigue_rate":0.0496,"recovery_target":0.0045,"recovery_value":0.0677},{"team_id":8,"ID":362,"status":"AVAILABLE","reason":"","fatigue":0,"fatigue_end":0.0299,"STM":70.482,"FIT":90.372,"fatigue_rate":0.0506,"recovery_target":0.0074,"recovery_value":0.0432},{"team_id":8,"ID":174,"status":"AVAILABLE","reason":"","fatigue":0.0102,"fatigue_end":0.0287,"STM":89.862,"FIT":83.64,"fatigue_rate":0.0267,"recovery_target":0.0082,"recovery_value":0.0185},{"team_id":8,"ID":290,"status":"AVAILABLE","reason":"","fatigue":0.0088,"fatigue_end":0.0307,"STM":87.618,"FIT":88.536,"fatigue_rate":0.0295,"recovery_target":0.0076,"recovery_value":0.0219},{"team_id":8,"ID":232,"status":"AVAILABLE","reason":"","fatigue":0.0123,"fatigue_end":0.0563,"STM":68.952,"FIT":82.314,"fatigue_rate":0.0525,"recovery_target":0.0084,"recovery_value":0.0441},{"team_id":8,"ID":283,"status":"AVAILABLE","reason":"","fatigue":0.0109,"fatigue_end":0.0264,"STM":92.922,"FIT":89.556,"fatigue_rate":0.0229,"recovery_target":0.0075,"recovery_value":0.0155},{"team_id":8,"ID":219,"status":"AVAILABLE","reason":"","fatigue":0,"fatigue_end":0.0242,"STM":79.968,"FIT":78.438,"fatigue_rate":0.0389,"recovery_target":0.0091,"recovery_value":0.0298},{"team_id":8,"ID":357,"status":"AVAILABLE","reason":"","fatigue":0.0118,"fatigue_end":0.0515,"STM":72.522,"FIT":82.824,"fatigue_rate":0.0481,"recovery_target":0.0083,"recovery_value":0.0398},{"team_id":8,"ID":348,"status":"AVAILABLE","reason":"","fatigue":0.0068,"fatigue_end":0.0407,"STM":77.418,"FIT":83.844,"fatigue_rate":0.042,"recovery_target":0.0081,"recovery_value":0.0339},{"team_id":8,"ID":294,"status":"AVAILABLE","reason":"","fatigue":0.0049,"fatigue_end":0.0333,"STM":52.632,"FIT":77.724,"fatigue_rate":0.0322,"recovery_target":0.0038,"recovery_value":0.0284}]
