[{"team_id":5,"ID":548,"status":"AVAILABLE","reason":"","fatigue":0,"fatigue_end":0,"STM":72.114,"FIT":89.658,"fatigue_rate":0.0486,"recovery_target":0.0075,"recovery_value":0.0617},{"team_id":5,"ID":555,"status":"AVAILABLE","reason":"","fatigue":0,"fatigue_end":0.003,"STM":69.768,"FIT":85.578,"fatigue_rate":0.0514,"recovery_target":0.0079,"recovery_value":0.0436},{"team_id":5,"ID":564,"status":"AVAILABLE","reason":"","fatigue":0,"fatigue_end":0.008,"STM":75.99,"FIT":74.664,"fatigue_rate":0.0438,"recovery_target":0.0098,"recovery_value":0.034},{"team_id":5,"ID":443,"status":"AVAILABLE","reason":"","fatigue":0,"fatigue_end":0.0104,"STM":76.5,"FIT":87.006,"fatigue_rate":0.0432,"recovery_target":0.0077,"recovery_value":0.0354},{"team_id":5,"ID":522,"status":"AVAILABLE","reason":"","fatigue":0.0115,"fatigue_end":0.049,"STM":73.44,"FIT":76.602,"fatigue_rate":0.0469,"recovery_target":0.0095,"recovery_value":0.0374},{"team_id":5,"ID":350,"status":"AVAILABLE","reason":"","fatigue":0,"fatigue_end":0,"STM":78.336,"FIT":80.07,"fatigue_rate":0.0409,"recovery_target":0.0088,"recovery_value":0.0481},{"team_id":5,"ID":99,"status":"AVAILABLE","reason":"","fatigue":0,"fatigue_end":0.0122,"STM":49.674,"FIT":51,"fatigue_rate":0.0762,"recovery_target":0.0113,"recovery_value":0.0649},{"team_id":5,"ID":229,"status":"AVAILABLE","reason":"","fatigue":0,"fatigue_end":0,"STM":47.328,"FIT":63.444,"fatigue_rate":0.0791,"recovery_target":0.0109,"recovery_value":0.1023},{"team_id":5,"ID":157,"status":"AVAILABLE","reason":"","fatigue":0,"fatigue_end":0,"STM":26.316,"FIT":68.748,"fatigue_rate":0.0565,"recovery_target":0.0043,"recovery_value":0.0783},{"team_id":5,"ID":188,"status":"AVAILABLE","reason":"","fatigue":0.0109,"fatigue_end":0.0488,"STM":73.542,"FIT":79.866,"fatigue_rate":0.0468,"recovery_target":0.0088,"recovery_value":0.0379},{"team_id":5,"ID":329,"status":"AVAILABLE","reason":"","fatigue":0.0094,"fatigue_end":0.0488,"STM":73.542,"FIT":90.27,"fatigue_rate":0.0468,"recovery_target":0.0074,"recovery_value":0.0394},{"team_id":5,"ID":210,"status":"AVAILABLE","reason":"","fatigue":0.0089,"fatigue_end":0.0455,"STM":75.684,"FIT":88.944,"fatigue_rate":0.0442,"recovery_target":0.0075,"recovery_value":0.0366},{"team_id":5,"ID":347,"status":"AVAILABLE","reason":"","fatigue":0,"fatigue_end":0.0415,"STM":70.89,"FIT":87.72,"fatigue_rate":0.0501,"recovery_target":0.0076,"recovery_value":0.0424},{"team_id":5,"ID":191,"status":"AVAILABLE","reason":"","fatigue":0,"fatigue_end":0.0439,"STM":64.158,"FIT":77.112,"fatigue_rate":0.0584,"recovery_target":0.0094,"recovery_value":0.049},{"team_id":5,"ID":223,"status":"AVAILABLE","reason":"","fatigue":0.0046,"fatigue_end":0.0286,"STM":85.884,"FIT":88.74,"fatigue_rate":0.0316,"recovery_target":0.0075,"recovery_value":0.0241},{"team_id":5,"ID":358,"status":"AVAILABLE","reason":"","fatigue":0.0071,"fatigue_end":0.0312,"STM":85.986,"FIT":89.964,"fatigue_rate":0.0315,"recovery_target":0.0074,"recovery_value":0.024},{"team_id":5,"ID":58,"status":"AVAILABLE","reason":"","fatigue":0.0081,"fatigue_end":0.0352,"STM":82.62,"FIT":81.804,"fatigue_rate":0.0356,"recovery_target":0.0085,"recovery_value":0.0271},{"team_id":5,"ID":291,"status":"AVAILABLE","reason":"","fatigue":0,"fatigue_end":0.0366,"STM":74.766,"FIT":91.29,"fatigue_rate":0.0453,"recovery_target":0.0073,"recovery_value":0.038},{"team_id":5,"ID":161,"status":"AVAILABLE","reason":"","fatigue":0.0033,"fatigue_end":0.033,"STM":51.408,"FIT":78.846,"fatigue_rate":0.0334,"recovery_target":0.0037,"recovery_value":0.0296},{"team_id":5,"ID":266,"status":"AVAILABLE","reason":"","fatigue":0,"fatigue_end":0,"STM":67.524,"FIT":85.272,"fatigue_rate":0.0542,"recovery_target":0.0079,"recovery_value":0.0694}]
