[{"period":1,"minute":0,"per_length":51,"per_pct":0,"match_pct":0,"home_pct":0.5,"away_pct":0.5},{"period":1,"minute":1,"per_length":51,"per_pct":0.0196,"match_pct":0.0098,"home_pct":0.6316,"away_pct":0.3684,"statistic":"Possession","A":24,"B":14},{"period":1,"minute":2,"per_length":51,"per_pct":0.0392,"match_pct":0.0196,"home_pct":0.4306,"away_pct":0.5694,"statistic":"Possession","A":31,"B":41},{"period":1,"minute":3,"per_length":51,"per_pct":0.0588,"match_pct":0.0294,"home_pct":0.4578,"away_pct":0.5422,"statistic":"Possession","A":38,"B":45},{"period":1,"minute":4,"per_length":51,"per_pct":0.0784,"match_pct":0.0392,"home_pct":0.3016,"away_pct":0.6984,"statistic":"Possession","A":38,"B":88},{"period":1,"minute":5,"per_length":51,"per_pct":0.098,"match_pct":0.049,"home_pct":0.2955,"away_pct":0.7045,"statistic":"Possession","A":39,"B":93},{"period":1,"minute":6,"per_length":51,"per_pct":0.1176,"match_pct":0.0588,"home_pct":0.4716,"away_pct":0.5284,"statistic":"Possession","A":83,"B":93},{"period":1,"minute":7,"per_length":51,"per_pct":0.1373,"match_pct":0.0686,"home_pct":0.5023,"away_pct":0.4977,"statistic":"Possession","A":107,"B":106},{"period":1,"minute":8,"per_length":51,"per_pct":0.1569,"match_pct":0.0784,"home_pct":0.5782,"away_pct":0.4218,"statistic":"Possession","A":159,"B":116},{"period":1,"minute":9,"per_length":51,"per_pct":0.1765,"match_pct":0.0882,"home_pct":0.5697,"away_pct":0.4303,"statistic":"Possession","A":184,"B":139},{"period":1,"minute":10,"per_length":51,"per_pct":0.1961,"match_pct":0.098,"home_pct":0.5687,"away_pct":0.4313,"statistic":"Possession","A":207,"B":157},{"period":1,"minute":11,"per_length":51,"per_pct":0.2157,"match_pct":0.1078,"home_pct":0.5561,"away_pct":0.4439,"statistic":"Possession","A":218,"B":174},{"period":1,"minute":12,"per_length":51,"per_pct":0.2353,"match_pct":0.1176,"home_pct":0.5872,"away_pct":0.4128,"statistic":"Possession","A":229,"B":161},{"period":1,"minute":13,"per_length":51,"per_pct":0.2549,"match_pct":0.1275,"home_pct":0.5622,"away_pct":0.4378,"statistic":"Possession","A":235,"B":183},{"period":1,"minute":14,"per_length":51,"per_pct":0.2745,"match_pct":0.1373,"home_pct":0.5494,"away_pct":0.4506,"statistic":"Possession","A":228,"B":187},{"period":1,"minute":15,"per_length":51,"per_pct":0.2941,"match_pct":0.1471,"home_pct":0.6299,"away_pct":0.3701,"statistic":"Possession","A":274,"B":161},{"period":1,"minute":16,"per_length":51,"per_pct":0.3137,"match_pct":0.1569,"home_pct":0.6504,"away_pct":0.3496,"statistic":"Possession","A":307,"B":165},{"period":1,"minute":17,"per_length":51,"per_pct":0.3333,"match_pct":0.1667,"home_pct":0.6318,"away_pct":0.3682,"statistic":"Possession","A":290,"B":169},{"period":1,"minute":18,"per_length":51,"per_pct":0.3529,"match_pct":0.1765,"home_pct":0.656,"away_pct":0.344,"statistic":"Possession","A":307,"B":161},{"period":1,"minute":19,"per_length":51,"per_pct":0.3725,"match_pct":0.1863,"home_pct":0.6466,"away_pct":0.3534,"statistic":"Possession","A":300,"B":164},{"period":1,"minute":20,"per_length":51,"per_pct":0.3922,"match_pct":0.1961,"home_pct":0.6866,"away_pct":0.3134,"statistic":"Possession","A":322,"B":147},{"period":1,"minute":21,"per_length":51,"per_pct":0.4118,"match_pct":0.2059,"home_pct":0.704,"away_pct":0.296,"statistic":"Possession","A":333,"B":140},{"period":1,"minute":22,"per_length":51,"per_pct":0.4314,"match_pct":0.2157,"home_pct":0.7103,"away_pct":0.2897,"statistic":"Possession","A":353,"B":144},{"period":1,"minute":23,"per_length":51,"per_pct":0.451,"match_pct":0.2255,"home_pct":0.6654,"away_pct":0.3346,"statistic":"Possession","A":338,"B":170},{"period":1,"minute":24,"per_length":51,"per_pct":0.4706,"match_pct":0.2353,"home_pct":0.7029,"away_pct":0.2971,"statistic":"Possession","A":343,"B":145},{"period":1,"minute":25,"per_length":51,"per_pct":0.4902,"match_pct":0.2451,"home_pct":0.7104,"away_pct":0.2896,"statistic":"Possession","A":363,"B":148},{"period":1,"minute":26,"per_length":51,"per_pct":0.5098,"match_pct":0.2549,"home_pct":0.7014,"away_pct":0.2986,"statistic":"Possession","A":343,"B":146},{"period":1,"minute":27,"per_length":51,"per_pct":0.5294,"match_pct":0.2647,"home_pct":0.7204,"away_pct":0.2796,"statistic":"Possession","A":353,"B":137},{"period":1,"minute":28,"per_length":51,"per_pct":0.549,"match_pct":0.2745,"home_pct":0.6968,"away_pct":0.3032,"statistic":"Possession","A":324,"B":141},{"period":1,"minute":29,"per_length":51,"per_pct":0.5686,"match_pct":0.2843,"home_pct":0.6433,"away_pct":0.3567,"statistic":"Possession","A":294,"B":163},{"period":1,"minute":30,"per_length":51,"per_pct":0.5882,"match_pct":0.2941,"home_pct":0.6338,"away_pct":0.3662,"statistic":"Possession","A":270,"B":156},{"period":1,"minute":31,"per_length":51,"per_pct":0.6078,"match_pct":0.3039,"home_pct":0.6174,"away_pct":0.3826,"statistic":"Possession","A":263,"B":163},{"period":1,"minute":32,"per_length":51,"per_pct":0.6275,"match_pct":0.3137,"home_pct":0.6005,"away_pct":0.3995,"statistic":"Possession","A":248,"B":165},{"period":1,"minute":33,"per_length":51,"per_pct":0.6471,"match_pct":0.3235,"home_pct":0.5729,"away_pct":0.4271,"statistic":"Possession","A":224,"B":167},{"period":1,"minute":34,"per_length":51,"per_pct":0.6667,"match_pct":0.3333,"home_pct":0.5722,"away_pct":0.4278,"statistic":"Possession","A":222,"B":166},{"period":1,"minute":35,"per_length":51,"per_pct":0.6863,"match_pct":0.3431,"home_pct":0.5558,"away_pct":0.4442,"statistic":"Possession","A":229,"B":183},{"period":1,"minute":36,"per_length":51,"per_pct":0.7059,"match_pct":0.3529,"home_pct":0.5949,"away_pct":0.4051,"statistic":"Possession","A":257,"B":175},{"period":1,"minute":37,"per_length":51,"per_pct":0.7255,"match_pct":0.3627,"home_pct":0.5639,"away_pct":0.4361,"statistic":"Possession","A":247,"B":191},{"period":1,"minute":38,"per_length":51,"per_pct":0.7451,"match_pct":0.3725,"home_pct":0.4917,"away_pct":0.5083,"statistic":"Possession","A":208,"B":215},{"period":1,"minute":39,"per_length":51,"per_pct":0.7647,"match_pct":0.3824,"home_pct":0.5036,"away_pct":0.4964,"statistic":"Possession","A":210,"B":207},{"period":1,"minute":40,"per_length":51,"per_pct":0.7843,"match_pct":0.3922,"home_pct":0.495,"away_pct":0.505,"statistic":"Possession","A":198,"B":202},{"period":1,"minute":41,"per_length":51,"per_pct":0.8039,"match_pct":0.402,"home_pct":0.4745,"away_pct":0.5255,"statistic":"Possession","A":195,"B":216},{"period":1,"minute":42,"per_length":51,"per_pct":0.8235,"match_pct":0.4118,"home_pct":0.4918,"away_pct":0.5082,"statistic":"Possession","A":211,"B":218},{"period":1,"minute":43,"per_length":51,"per_pct":0.8431,"match_pct":0.4216,"home_pct":0.4864,"away_pct":0.5136,"statistic":"Possession","A":215,"B":227},{"period":1,"minute":44,"per_length":51,"per_pct":0.8627,"match_pct":0.4314,"home_pct":0.4656,"away_pct":0.5344,"statistic":"Possession","A":203,"B":233},{"period":1,"minute":45,"per_length":51,"per_pct":0.8824,"match_pct":0.4412,"home_pct":0.513,"away_pct":0.487,"statistic":"Possession","A":217,"B":206},{"period":1,"minute":46,"per_length":51,"per_pct":0.902,"match_pct":0.451,"home_pct":0.5474,"away_pct":0.4526,"statistic":"Possession","A":225,"B":186},{"period":1,"minute":47,"per_length":51,"per_pct":0.9216,"match_pct":0.4608,"home_pct":0.49,"away_pct":0.51,"statistic":"Possession","A":196,"B":204},{"period":1,"minute":48,"per_length":51,"per_pct":0.9412,"match_pct":0.4706,"home_pct":0.4974,"away_pct":0.5026,"statistic":"Possession","A":195,"B":197},{"period":1,"minute":49,"per_length":51,"per_pct":0.9608,"match_pct":0.4804,"home_pct":0.5564,"away_pct":0.4436,"statistic":"Possession","A":232,"B":185},{"period":1,"minute":50,"per_length":51,"per_pct":0.9804,"match_pct":0.4902,"home_pct":0.565,"away_pct":0.435,"statistic":"Possession","A":252,"B":194},{"period":1,"minute":51,"per_length":51,"per_pct":1,"match_pct":0.5,"home_pct":0.5793,"away_pct":0.4207,"statistic":"Possession","A":252,"B":183},{"period":2,"minute":0,"per_length":57,"per_pct":0,"match_pct":0.5,"home_pct":0.5,"away_pct":0.5},{"period":2,"minute":1,"per_length":57,"per_pct":0.0175,"match_pct":0.5088,"home_pct":0.6875,"away_pct":0.3125,"statistic":"Possession","A":22,"B":10},{"period":2,"minute":2,"per_length":57,"per_pct":0.0351,"match_pct":0.5175,"home_pct":0.3421,"away_pct":0.6579,"statistic":"Possession","A":26,"B":50},{"period":2,"minute":3,"per_length":57,"per_pct":0.0526,"match_pct":0.5263,"home_pct":0.375,"away_pct":0.625,"statistic":"Possession","A":36,"B":60},{"period":2,"minute":4,"per_length":57,"per_pct":0.0702,"match_pct":0.5351,"home_pct":0.448,"away_pct":0.552,"statistic":"Possession","A":56,"B":69},{"period":2,"minute":5,"per_length":57,"per_pct":0.0877,"match_pct":0.5439,"home_pct":0.4651,"away_pct":0.5349,"statistic":"Possession","A":60,"B":69},{"period":2,"minute":6,"per_length":57,"per_pct":0.1053,"match_pct":0.5526,"home_pct":0.4545,"away_pct":0.5455,"statistic":"Possession","A":75,"B":90},{"period":2,"minute":7,"per_length":57,"per_pct":0.1228,"match_pct":0.5614,"home_pct":0.5361,"away_pct":0.4639,"statistic":"Possession","A":104,"B":90},{"period":2,"minute":8,"per_length":57,"per_pct":0.1404,"match_pct":0.5702,"home_pct":0.5941,"away_pct":0.4059,"statistic":"Possession","A":142,"B":97},{"period":2,"minute":9,"per_length":57,"per_pct":0.1579,"match_pct":0.5789,"home_pct":0.6608,"away_pct":0.3392,"statistic":"Possession","A":189,"B":97},{"period":2,"minute":10,"per_length":57,"per_pct":0.1754,"match_pct":0.5877,"home_pct":0.6149,"away_pct":0.3851,"statistic":"Possession","A":206,"B":129},{"period":2,"minute":11,"per_length":57,"per_pct":0.193,"match_pct":0.5965,"home_pct":0.5718,"away_pct":0.4282,"statistic":"Possession","A":219,"B":164},{"period":2,"minute":12,"per_length":57,"per_pct":0.2105,"match_pct":0.6053,"home_pct":0.5473,"away_pct":0.4527,"statistic":"Possession","A":214,"B":177},{"period":2,"minute":13,"per_length":57,"per_pct":0.2281,"match_pct":0.614,"home_pct":0.5902,"away_pct":0.4098,"statistic":"Possession","A":242,"B":168},{"period":2,"minute":14,"per_length":57,"per_pct":0.2456,"match_pct":0.6228,"home_pct":0.5847,"away_pct":0.4153,"statistic":"Possession","A":245,"B":174},{"period":2,"minute":15,"per_length":57,"per_pct":0.2632,"match_pct":0.6316,"home_pct":0.576,"away_pct":0.424,"statistic":"Possession","A":235,"B":173},{"period":2,"minute":16,"per_length":57,"per_pct":0.2807,"match_pct":0.6404,"home_pct":0.5675,"away_pct":0.4325,"statistic":"Possession","A":248,"B":189},{"period":2,"minute":17,"per_length":57,"per_pct":0.2982,"match_pct":0.6491,"home_pct":0.5574,"away_pct":0.4426,"statistic":"Possession","A":233,"B":185},{"period":2,"minute":18,"per_length":57,"per_pct":0.3158,"match_pct":0.6579,"home_pct":0.5362,"away_pct":0.4638,"statistic":"Possession","A":237,"B":205},{"period":2,"minute":19,"per_length":57,"per_pct":0.3333,"match_pct":0.6667,"home_pct":0.4949,"away_pct":0.5051,"statistic":"Possession","A":194,"B":198},{"period":2,"minute":20,"per_length":57,"per_pct":0.3509,"match_pct":0.6754,"home_pct":0.439,"away_pct":0.561,"statistic":"Possession","A":162,"B":207},{"period":2,"minute":21,"per_length":57,"per_pct":0.3684,"match_pct":0.6842,"home_pct":0.4153,"away_pct":0.5847,"statistic":"Possession","A":157,"B":221},{"period":2,"minute":22,"per_length":57,"per_pct":0.386,"match_pct":0.693,"home_pct":0.4622,"away_pct":0.5378,"statistic":"Possession","A":165,"B":192},{"period":2,"minute":23,"per_length":57,"per_pct":0.4035,"match_pct":0.7018,"home_pct":0.4589,"away_pct":0.5411,"statistic":"Possession","A":162,"B":191},{"period":2,"minute":24,"per_length":57,"per_pct":0.4211,"match_pct":0.7105,"home_pct":0.5044,"away_pct":0.4956,"statistic":"Possession","A":173,"B":170},{"period":2,"minute":25,"per_length":57,"per_pct":0.4386,"match_pct":0.7193,"home_pct":0.4817,"away_pct":0.5183,"statistic":"Possession","A":171,"B":184},{"period":2,"minute":26,"per_length":57,"per_pct":0.4561,"match_pct":0.7281,"home_pct":0.5026,"away_pct":0.4974,"statistic":"Possession","A":191,"B":189},{"period":2,"minute":27,"per_length":57,"per_pct":0.4737,"match_pct":0.7368,"home_pct":0.5282,"away_pct":0.4718,"statistic":"Possession","A":197,"B":176},{"period":2,"minute":28,"per_length":57,"per_pct":0.4912,"match_pct":0.7456,"home_pct":0.5668,"away_pct":0.4332,"statistic":"Possession","A":208,"B":159},{"period":2,"minute":29,"per_length":57,"per_pct":0.5088,"match_pct":0.7544,"home_pct":0.5629,"away_pct":0.4371,"statistic":"Possession","A":179,"B":139},{"period":2,"minute":30,"per_length":57,"per_pct":0.5263,"match_pct":0.7632,"home_pct":0.5994,"away_pct":0.4006,"statistic":"Possession","A":214,"B":143},{"period":2,"minute":31,"per_length":57,"per_pct":0.5439,"match_pct":0.7719,"home_pct":0.5718,"away_pct":0.4282,"statistic":"Possession","A":223,"B":167},{"period":2,"minute":32,"per_length":57,"per_pct":0.5614,"match_pct":0.7807,"home_pct":0.6027,"away_pct":0.3973,"statistic":"Possession","A":223,"B":147},{"period":2,"minute":33,"per_length":57,"per_pct":0.5789,"match_pct":0.7895,"home_pct":0.5937,"away_pct":0.4063,"statistic":"Possession","A":225,"B":154},{"period":2,"minute":34,"per_length":57,"per_pct":0.5965,"match_pct":0.7982,"home_pct":0.5874,"away_pct":0.4126,"statistic":"Possession","A":215,"B":151},{"period":2,"minute":35,"per_length":57,"per_pct":0.614,"match_pct":0.807,"home_pct":0.5594,"away_pct":0.4406,"statistic":"Possession","A":193,"B":152},{"period":2,"minute":36,"per_length":57,"per_pct":0.6316,"match_pct":0.8158,"home_pct":0.587,"away_pct":0.413,"statistic":"Possession","A":199,"B":140},{"period":2,"minute":37,"per_length":57,"per_pct":0.6491,"match_pct":0.8246,"home_pct":0.5609,"away_pct":0.4391,"statistic":"Possession","A":175,"B":137},{"period":2,"minute":38,"per_length":57,"per_pct":0.6667,"match_pct":0.8333,"home_pct":0.4867,"away_pct":0.5133,"statistic":"Possession","A":165,"B":174},{"period":2,"minute":39,"per_length":57,"per_pct":0.6842,"match_pct":0.8421,"home_pct":0.511,"away_pct":0.489,"statistic":"Possession","A":185,"B":177},{"period":2,"minute":40,"per_length":57,"per_pct":0.7018,"match_pct":0.8509,"home_pct":0.5106,"away_pct":0.4894,"statistic":"Possession","A":193,"B":185},{"period":2,"minute":41,"per_length":57,"per_pct":0.7193,"match_pct":0.8596,"home_pct":0.4937,"away_pct":0.5063,"statistic":"Possession","A":195,"B":200},{"period":2,"minute":42,"per_length":57,"per_pct":0.7368,"match_pct":0.8684,"home_pct":0.4987,"away_pct":0.5013,"statistic":"Possession","A":192,"B":193},{"period":2,"minute":43,"per_length":57,"per_pct":0.7544,"match_pct":0.8772,"home_pct":0.5297,"away_pct":0.4703,"statistic":"Possession","A":196,"B":174},{"period":2,"minute":44,"per_length":57,"per_pct":0.7719,"match_pct":0.886,"home_pct":0.4757,"away_pct":0.5243,"statistic":"Possession","A":186,"B":205},{"period":2,"minute":45,"per_length":57,"per_pct":0.7895,"match_pct":0.8947,"home_pct":0.4574,"away_pct":0.5426,"statistic":"Possession","A":177,"B":210},{"period":2,"minute":46,"per_length":57,"per_pct":0.807,"match_pct":0.9035,"home_pct":0.4091,"away_pct":0.5909,"statistic":"Possession","A":171,"B":247},{"period":2,"minute":47,"per_length":57,"per_pct":0.8246,"match_pct":0.9123,"home_pct":0.4582,"away_pct":0.5418,"statistic":"Possession","A":203,"B":240},{"period":2,"minute":48,"per_length":57,"per_pct":0.8421,"match_pct":0.9211,"home_pct":0.4686,"away_pct":0.5314,"statistic":"Possession","A":224,"B":254},{"period":2,"minute":49,"per_length":57,"per_pct":0.8596,"match_pct":0.9298,"home_pct":0.4876,"away_pct":0.5124,"statistic":"Possession","A":217,"B":228},{"period":2,"minute":50,"per_length":57,"per_pct":0.8772,"match_pct":0.9386,"home_pct":0.4653,"away_pct":0.5347,"statistic":"Possession","A":208,"B":239},{"period":2,"minute":51,"per_length":57,"per_pct":0.8947,"match_pct":0.9474,"home_pct":0.4476,"away_pct":0.5524,"statistic":"Possession","A":205,"B":253},{"period":2,"minute":52,"per_length":57,"per_pct":0.9123,"match_pct":0.9561,"home_pct":0.448,"away_pct":0.552,"statistic":"Possession","A":194,"B":239},{"period":2,"minute":53,"per_length":57,"per_pct":0.9298,"match_pct":0.9649,"home_pct":0.5072,"away_pct":0.4928,"statistic":"Possession","A":211,"B":205},{"period":2,"minute":54,"per_length":57,"per_pct":0.9474,"match_pct":0.9737,"home_pct":0.5266,"away_pct":0.4734,"statistic":"Possession","A":228,"B":205},{"period":2,"minute":56,"per_length":57,"per_pct":0.9825,"match_pct":0.9912,"home_pct":0.5506,"away_pct":0.4494,"statistic":"Possession","A":223,"B":182},{"period":2,"minute":57,"per_length":57,"per_pct":1,"match_pct":1,"home_pct":0.6266,"away_pct":0.3734,"statistic":"Possession","A":245,"B":146}]
