[{"match_id":3006,"team_id":3,"possession":"A","team":"Palermo","statistic_id":3,"statistic":"Goals","value":2,"display":"2"},{"match_id":3006,"team_id":6,"possession":"B","team":"Manhattan","statistic_id":3,"statistic":"Goals","value":3,"display":"3"},{"match_id":3006,"team_id":3,"possession":"A","team":"Palermo","statistic_id":4,"statistic":"Shots","value":18,"display":"18"},{"match_id":3006,"team_id":6,"possession":"B","team":"Manhattan","statistic_id":4,"statistic":"Shots","value":13,"display":"13"},{"match_id":3006,"team_id":3,"possession":"A","team":"Palermo","statistic_id":5,"statistic":"Shots On Target","value":5,"display":"5"},{"match_id":3006,"team_id":6,"possession":"B","team":"Manhattan","statistic_id":5,"statistic":"Shots On Target","value":6,"display":"6"},{"match_id":3006,"team_id":3,"possession":"A","team":"Palermo","statistic_id":6,"statistic":"Shot Accuracy %","value":0.2778,"display":"28%"},{"match_id":3006,"team_id":6,"possession":"B","team":"Manhattan","statistic_id":6,"statistic":"Shot Accuracy %","value":0.4615,"display":"46%"},{"match_id":3006,"team_id":3,"possession":"A","team":"Palermo","statistic_id":71,"statistic":"Shots Off Target","value":7,"display":"7"},{"match_id":3006,"team_id":6,"possession":"B","team":"Manhattan","statistic_id":71,"statistic":"Shots Off Target","value":5,"display":"5"},{"match_id":3006,"team_id":3,"possession":"A","team":"Palermo","statistic_id":72,"statistic":"Shots Blocked","value":6,"display":"6"},{"match_id":3006,"team_id":6,"possession":"B","team":"Manhattan","statistic_id":72,"statistic":"Shots Blocked","value":2,"display":"2"},{"match_id":3006,"team_id":3,"possession":"A","team":"Palermo","statistic_id":7,"statistic":"Expected Goals","value":1.68,"display":"1.68"},{"match_id":3006,"team_id":6,"possession":"B","team":"Manhattan","statistic_id":7,"statistic":"Expected Goals","value":1.61,"display":"1.61"},{"match_id":3006,"team_id":3,"possession":"A","team":"Palermo","statistic_id":73,"statistic":"Penalties Scored","value":0,"display":"0"},{"match_id":3006,"team_id":6,"possession":"B","team":"Manhattan","statistic_id":73,"statistic":"Penalties Scored","value":1,"display":"1"},{"match_id":3006,"team_id":3,"possession":"A","team":"Palermo","statistic_id":74,"statistic":"Penalties Missed","value":0,"display":"0"},{"match_id":3006,"team_id":6,"possession":"B","team":"Manhattan","statistic_id":74,"statistic":"Penalties Missed","value":0,"display":"0"},{"match_id":3006,"team_id":3,"possession":"A","team":"Palermo","statistic_id":11,"statistic":"Possession %","value":0.5575,"display":"56%"},{"match_id":3006,"team_id":6,"possession":"B","team":"Manhattan","statistic_id":11,"statistic":"Possession %","value":0.4425,"display":"44%"},{"match_id":3006,"team_id":3,"possession":"A","team":"Palermo","statistic_id":12,"statistic":"Passes","value":563,"display":"563"},{"match_id":3006,"team_id":6,"possession":"B","team":"Manhattan","statistic_id":12,"statistic":"Passes","value":461,"display":"461"},{"match_id":3006,"team_id":3,"possession":"A","team":"Palermo","statistic_id":13,"statistic":"Passes Completed","value":438,"display":"438"},{"match_id":3006,"team_id":6,"possession":"B","team":"Manhattan","statistic_id":13,"statistic":"Passes Completed","value":346,"display":"346"},{"match_id":3006,"team_id":3,"possession":"A","team":"Palermo","statistic_id":57,"statistic":"Passes Incomplete","value":61,"display":"61"},{"match_id":3006,"team_id":6,"possession":"B","team":"Manhattan","statistic_id":57,"statistic":"Passes Incomplete","value":66,"display":"66"},{"match_id":3006,"team_id":3,"possession":"A","team":"Palermo","statistic_id":58,"statistic":"Passes Intercepted","value":9,"display":"9"},{"match_id":3006,"team_id":6,"possession":"B","team":"Manhattan","statistic_id":58,"statistic":"Passes Intercepted","value":10,"display":"10"},{"match_id":3006,"team_id":3,"possession":"A","team":"Palermo","statistic_id":69,"statistic":"Pass Turnovers","value":55,"display":"55"},{"match_id":3006,"team_id":6,"possession":"B","team":"Manhattan","statistic_id":69,"statistic":"Pass Turnovers","value":38,"display":"38"},{"match_id":3006,"team_id":3,"possession":"A","team":"Palermo","statistic_id":14,"statistic":"Pass Completion %","value":0.778,"display":"78%"},{"match_id":3006,"team_id":6,"possession":"B","team":"Manhattan","statistic_id":14,"statistic":"Pass Completion %","value":0.7505,"display":"75%"},{"match_id":3006,"team_id":3,"possession":"A","team":"Palermo","statistic_id":59,"statistic":"Short Passes","value":344,"display":"344"},{"match_id":3006,"team_id":6,"possession":"B","team":"Manhattan","statistic_id":59,"statistic":"Short Passes","value":209,"display":"209"},{"match_id":3006,"team_id":3,"possession":"A","team":"Palermo","statistic_id":60,"statistic":"Short Passes Completed","value":288,"display":"288"},{"match_id":3006,"team_id":6,"possession":"B","team":"Manhattan","statistic_id":60,"statistic":"Short Passes Completed","value":174,"display":"174"},{"match_id":3006,"team_id":3,"possession":"A","team":"Palermo","statistic_id":61,"statistic":"Short Passes Incomplete","value":36,"display":"36"},{"match_id":3006,"team_id":6,"possession":"B","team":"Manhattan","statistic_id":61,"statistic":"Short Passes Incomplete","value":23,"display":"23"},{"match_id":3006,"team_id":3,"possession":"A","team":"Palermo","statistic_id":62,"statistic":"Short Passes Intercepted","value":3,"display":"3"},{"match_id":3006,"team_id":6,"possession":"B","team":"Manhattan","statistic_id":62,"statistic":"Short Passes Intercepted","value":1,"display":"1"},{"match_id":3006,"team_id":3,"possession":"A","team":"Palermo","statistic_id":63,"statistic":"Short Pass Turnovers","value":17,"display":"17"},{"match_id":3006,"team_id":6,"possession":"B","team":"Manhattan","statistic_id":63,"statistic":"Short Pass Turnovers","value":10,"display":"10"},{"match_id":3006,"team_id":3,"possession":"A","team":"Palermo","statistic_id":75,"statistic":"Short Pass Completion %","value":0.8372,"display":"84%"},{"match_id":3006,"team_id":6,"possession":"B","team":"Manhattan","statistic_id":75,"statistic":"Short Pass Completion %","value":0.8325,"display":"83%"},{"match_id":3006,"team_id":3,"possession":"A","team":"Palermo","statistic_id":52,"statistic":"Medium Passes","value":122,"display":"122"},{"match_id":3006,"team_id":6,"possession":"B","team":"Manhattan","statistic_id":52,"statistic":"Medium Passes","value":143,"display":"143"},{"match_id":3006,"team_id":3,"possession":"A","team":"Palermo","statistic_id":53,"statistic":"Medium Passes Completed","value":99,"display":"99"},{"match_id":3006,"team_id":6,"possession":"B","team":"Manhattan","statistic_id":53,"statistic":"Medium Passes Completed","value":126,"display":"126"},{"match_id":3006,"team_id":3,"possession":"A","team":"Palermo","statistic_id":54,"statistic":"Medium Passes Incomplete","value":8,"display":"8"},{"match_id":3006,"team_id":6,"possession":"B","team":"Manhattan","statistic_id":54,"statistic":"Medium Passes Incomplete","value":11,"display":"11"},{"match_id":3006,"team_id":3,"possession":"A","team":"Palermo","statistic_id":55,"statistic":"Medium Passes Intercepted","value":1,"display":"1"},{"match_id":3006,"team_id":6,"possession":"B","team":"Manhattan","statistic_id":55,"statistic":"Medium Passes Intercepted","value":1,"display":"1"},{"match_id":3006,"team_id":3,"possession":"A","team":"Palermo","statistic_id":56,"statistic":"Medium Pass Turnovers","value":14,"display":"14"},{"match_id":3006,"team_id":6,"possession":"B","team":"Manhattan","statistic_id":56,"statistic":"Medium Pass Turnovers","value":5,"display":"5"},{"match_id":3006,"team_id":3,"possession":"A","team":"Palermo","statistic_id":76,"statistic":"Medium Pass Completion %","value":0.8115,"display":"81%"},{"match_id":3006,"team_id":6,"possession":"B","team":"Manhattan","statistic_id":76,"statistic":"Medium Pass Completion %","value":0.8811,"display":"88%"},{"match_id":3006,"team_id":3,"possession":"A","team":"Palermo","statistic_id":47,"statistic":"Long Passes","value":77,"display":"77"},{"match_id":3006,"team_id":6,"possession":"B","team":"Manhattan","statistic_id":47,"statistic":"Long Passes","value":87,"display":"87"},{"match_id":3006,"team_id":3,"possession":"A","team":"Palermo","statistic_id":48,"statistic":"Long Passes Completed","value":45,"display":"45"},{"match_id":3006,"team_id":6,"possession":"B","team":"Manhattan","statistic_id":48,"statistic":"Long Passes Completed","value":41,"display":"41"},{"match_id":3006,"team_id":3,"possession":"A","team":"Palermo","statistic_id":49,"statistic":"Long Passes Incomplete","value":10,"display":"10"},{"match_id":3006,"team_id":6,"possession":"B","team":"Manhattan","statistic_id":49,"statistic":"Long Passes Incomplete","value":21,"display":"21"},{"match_id":3006,"team_id":3,"possession":"A","team":"Palermo","statistic_id":50,"statistic":"Long Passes Intercepted","value":4,"display":"4"},{"match_id":3006,"team_id":6,"possession":"B","team":"Manhattan","statistic_id":50,"statistic":"Long Passes Intercepted","value":7,"display":"7"},{"match_id":3006,"team_id":3,"possession":"A","team":"Palermo","statistic_id":51,"statistic":"Long Pass Turnovers","value":18,"display":"18"},{"match_id":3006,"team_id":6,"possession":"B","team":"Manhattan","statistic_id":51,"statistic":"Long Pass Turnovers","value":18,"display":"18"},{"match_id":3006,"team_id":3,"possession":"A","team":"Palermo","statistic_id":77,"statistic":"Long Pass Completion %","value":0.5844,"display":"58%"},{"match_id":3006,"team_id":6,"possession":"B","team":"Manhattan","statistic_id":77,"statistic":"Long Pass Completion %","value":0.4713,"display":"47%"},{"match_id":3006,"team_id":3,"possession":"A","team":"Palermo","statistic_id":64,"statistic":"Through Balls","value":5,"display":"5"},{"match_id":3006,"team_id":6,"possession":"B","team":"Manhattan","statistic_id":64,"statistic":"Through Balls","value":5,"display":"5"},{"match_id":3006,"team_id":3,"possession":"A","team":"Palermo","statistic_id":65,"statistic":"Through Balls Completed","value":2,"display":"2"},{"match_id":3006,"team_id":6,"possession":"B","team":"Manhattan","statistic_id":65,"statistic":"Through Balls Completed","value":1,"display":"1"},{"match_id":3006,"team_id":3,"possession":"A","team":"Palermo","statistic_id":66,"statistic":"Through Balls Incomplete","value":0,"display":"0"},{"match_id":3006,"team_id":6,"possession":"B","team":"Manhattan","statistic_id":66,"statistic":"Through Balls Incomplete","value":0,"display":"0"},{"match_id":3006,"team_id":3,"possession":"A","team":"Palermo","statistic_id":67,"statistic":"Through Balls Intercepted","value":1,"display":"1"},{"match_id":3006,"team_id":6,"possession":"B","team":"Manhattan","statistic_id":67,"statistic":"Through Balls Intercepted","value":1,"display":"1"},{"match_id":3006,"team_id":3,"possession":"A","team":"Palermo","statistic_id":70,"statistic":"Through Ball Turnovers","value":2,"display":"2"},{"match_id":3006,"team_id":6,"possession":"B","team":"Manhattan","statistic_id":70,"statistic":"Through Ball Turnovers","value":3,"display":"3"},{"match_id":3006,"team_id":3,"possession":"A","team":"Palermo","statistic_id":78,"statistic":"Through Ball Completion %","value":0.4,"display":"40%"},{"match_id":3006,"team_id":6,"possession":"B","team":"Manhattan","statistic_id":78,"statistic":"Through Ball Completion %","value":0.2,"display":"20%"},{"match_id":3006,"team_id":3,"possession":"A","team":"Palermo","statistic_id":21,"statistic":"Crosses","value":15,"display":"15"},{"match_id":3006,"team_id":6,"possession":"B","team":"Manhattan","statistic_id":21,"statistic":"Crosses","value":17,"display":"17"},{"match_id":3006,"team_id":3,"possession":"A","team":"Palermo","statistic_id":22,"statistic":"Crosses Completed","value":4,"display":"4"},{"match_id":3006,"team_id":6,"possession":"B","team":"Manhattan","statistic_id":22,"statistic":"Crosses Completed","value":4,"display":"4"},{"match_id":3006,"team_id":3,"possession":"A","team":"Palermo","statistic_id":45,"statistic":"Crosses Incomplete","value":7,"display":"7"},{"match_id":3006,"team_id":6,"possession":"B","team":"Manhattan","statistic_id":45,"statistic":"Crosses Incomplete","value":11,"display":"11"},{"match_id":3006,"team_id":3,"possession":"A","team":"Palermo","statistic_id":46,"statistic":"Crosses Intercepted","value":0,"display":"0"},{"match_id":3006,"team_id":6,"possession":"B","team":"Manhattan","statistic_id":46,"statistic":"Crosses Intercepted","value":0,"display":"0"},{"match_id":3006,"team_id":3,"possession":"A","team":"Palermo","statistic_id":68,"statistic":"Cross Turnovers","value":4,"display":"4"},{"match_id":3006,"team_id":6,"possession":"B","team":"Manhattan","statistic_id":68,"statistic":"Cross Turnovers","value":2,"display":"2"},{"match_id":3006,"team_id":3,"possession":"A","team":"Palermo","statistic_id":23,"statistic":"Cross Completion %","value":0.2667,"display":"27%"},{"match_id":3006,"team_id":6,"possession":"B","team":"Manhattan","statistic_id":23,"statistic":"Cross Completion %","value":0.2353,"display":"24%"},{"match_id":3006,"team_id":3,"possession":"A","team":"Palermo","statistic_id":19,"statistic":"Final Third Entries","value":40,"display":"40"},{"match_id":3006,"team_id":6,"possession":"B","team":"Manhattan","statistic_id":19,"statistic":"Final Third Entries","value":37,"display":"37"},{"match_id":3006,"team_id":3,"possession":"A","team":"Palermo","statistic_id":79,"statistic":"Key Passes","value":23,"display":"23"},{"match_id":3006,"team_id":6,"possession":"B","team":"Manhattan","statistic_id":79,"statistic":"Key Passes","value":15,"display":"15"},{"match_id":3006,"team_id":3,"possession":"A","team":"Palermo","statistic_id":80,"statistic":"Passes into Penalty Area","value":17,"display":"17"},{"match_id":3006,"team_id":6,"possession":"B","team":"Manhattan","statistic_id":80,"statistic":"Passes into Penalty Area","value":11,"display":"11"},{"match_id":3006,"team_id":3,"possession":"A","team":"Palermo","statistic_id":20,"statistic":"Corners","value":5,"display":"5"},{"match_id":3006,"team_id":6,"possession":"B","team":"Manhattan","statistic_id":20,"statistic":"Corners","value":3,"display":"3"},{"match_id":3006,"team_id":3,"possession":"A","team":"Palermo","statistic_id":24,"statistic":"Throw Ins","value":22,"display":"22"},{"match_id":3006,"team_id":6,"possession":"B","team":"Manhattan","statistic_id":24,"statistic":"Throw Ins","value":15,"display":"15"},{"match_id":3006,"team_id":3,"possession":"A","team":"Palermo","statistic_id":15,"statistic":"Dribbles","value":33,"display":"33"},{"match_id":3006,"team_id":6,"possession":"B","team":"Manhattan","statistic_id":15,"statistic":"Dribbles","value":14,"display":"14"},{"match_id":3006,"team_id":3,"possession":"A","team":"Palermo","statistic_id":16,"statistic":"Dribbles Completed","value":9,"display":"9"},{"match_id":3006,"team_id":6,"possession":"B","team":"Manhattan","statistic_id":16,"statistic":"Dribbles Completed","value":6,"display":"6"},{"match_id":3006,"team_id":3,"possession":"A","team":"Palermo","statistic_id":81,"statistic":"Dribbles Fouled","value":10,"display":"10"},{"match_id":3006,"team_id":6,"possession":"B","team":"Manhattan","statistic_id":81,"statistic":"Dribbles Fouled","value":2,"display":"2"},{"match_id":3006,"team_id":3,"possession":"A","team":"Palermo","statistic_id":17,"statistic":"Dribble Completion %","value":0.5758,"display":"58%"},{"match_id":3006,"team_id":6,"possession":"B","team":"Manhattan","statistic_id":17,"statistic":"Dribble Completion %","value":0.5714,"display":"57%"},{"match_id":3006,"team_id":3,"possession":"A","team":"Palermo","statistic_id":82,"statistic":"Dribbles Lost Possession","value":6,"display":"6"},{"match_id":3006,"team_id":6,"possession":"B","team":"Manhattan","statistic_id":82,"statistic":"Dribbles Lost Possession","value":5,"display":"5"},{"match_id":3006,"team_id":3,"possession":"A","team":"Palermo","statistic_id":83,"statistic":"Dribbles Tackled","value":8,"display":"8"},{"match_id":3006,"team_id":6,"possession":"B","team":"Manhattan","statistic_id":83,"statistic":"Dribbles Tackled","value":1,"display":"1"},{"match_id":3006,"team_id":3,"possession":"A","team":"Palermo","statistic_id":18,"statistic":"Miscontrols","value":13,"display":"13"},{"match_id":3006,"team_id":6,"possession":"B","team":"Manhattan","statistic_id":18,"statistic":"Miscontrols","value":26,"display":"26"},{"match_id":3006,"team_id":3,"possession":"A","team":"Palermo","statistic_id":25,"statistic":"Aerial Duels","value":29,"display":"29"},{"match_id":3006,"team_id":6,"possession":"B","team":"Manhattan","statistic_id":25,"statistic":"Aerial Duels","value":29,"display":"29"},{"match_id":3006,"team_id":3,"possession":"A","team":"Palermo","statistic_id":26,"statistic":"Aerial Duel Wins","value":13,"display":"13"},{"match_id":3006,"team_id":6,"possession":"B","team":"Manhattan","statistic_id":26,"statistic":"Aerial Duel Wins","value":16,"display":"16"},{"match_id":3006,"team_id":3,"possession":"A","team":"Palermo","statistic_id":27,"statistic":"Aerial Duel Win %","value":0.4483,"display":"45%"},{"match_id":3006,"team_id":6,"possession":"B","team":"Manhattan","statistic_id":27,"statistic":"Aerial Duel Win %","value":0.5517,"display":"55%"},{"match_id":3006,"team_id":6,"possession":"B","team":"Manhattan","statistic_id":28,"statistic":"Tackles Attempted","value":34,"display":"34"},{"match_id":3006,"team_id":3,"possession":"A","team":"Palermo","statistic_id":28,"statistic":"Tackles Attempted","value":21,"display":"21"},{"match_id":3006,"team_id":6,"possession":"B","team":"Manhattan","statistic_id":29,"statistic":"Tackles Completed","value":15,"display":"15"},{"match_id":3006,"team_id":3,"possession":"A","team":"Palermo","statistic_id":29,"statistic":"Tackles Completed","value":13,"display":"13"},{"match_id":3006,"team_id":3,"possession":"A","team":"Palermo","statistic_id":30,"statistic":"Tackle Completion %","value":0.619,"display":"62%"},{"match_id":3006,"team_id":6,"possession":"B","team":"Manhattan","statistic_id":30,"statistic":"Tackle Completion %","value":0.4412,"display":"44%"},{"match_id":3006,"team_id":6,"possession":"B","team":"Manhattan","statistic_id":84,"statistic":"Tackles Incomplete","value":19,"display":"19"},{"match_id":3006,"team_id":3,"possession":"A","team":"Palermo","statistic_id":84,"statistic":"Tackles Incomplete","value":8,"display":"8"},{"match_id":3006,"team_id":6,"possession":"B","team":"Manhattan","statistic_id":31,"statistic":"Pressures","value":208,"display":"208"},{"match_id":3006,"team_id":3,"possession":"A","team":"Palermo","statistic_id":31,"statistic":"Pressures","value":153,"display":"153"},{"match_id":3006,"team_id":3,"possession":"A","team":"Palermo","statistic_id":32,"statistic":"Clearances","value":27,"display":"27"},{"match_id":3006,"team_id":6,"possession":"B","team":"Manhattan","statistic_id":32,"statistic":"Clearances","value":14,"display":"14"},{"match_id":3006,"team_id":3,"possession":"A","team":"Palermo","statistic_id":112,"statistic":"Effective Clearances","value":12,"display":"12"},{"match_id":3006,"team_id":6,"possession":"B","team":"Manhattan","statistic_id":112,"statistic":"Effective Clearances","value":9,"display":"9"},{"match_id":3006,"team_id":3,"possession":"A","team":"Palermo","statistic_id":33,"statistic":"Interceptions","value":10,"display":"10"},{"match_id":3006,"team_id":6,"possession":"B","team":"Manhattan","statistic_id":33,"statistic":"Interceptions","value":10,"display":"10"},{"match_id":3006,"team_id":6,"possession":"B","team":"Manhattan","statistic_id":85,"statistic":"Blocked Shots","value":2,"display":"2"},{"match_id":3006,"team_id":3,"possession":"A","team":"Palermo","statistic_id":85,"statistic":"Blocked Shots","value":0,"display":"0"},{"match_id":3006,"team_id":6,"possession":"B","team":"Manhattan","statistic_id":34,"statistic":"Shots Faced","value":18,"display":"18"},{"match_id":3006,"team_id":3,"possession":"A","team":"Palermo","statistic_id":34,"statistic":"Shots Faced","value":13,"display":"13"},{"match_id":3006,"team_id":6,"possession":"B","team":"Manhattan","statistic_id":35,"statistic":"Shots On Target Faced","value":5,"display":"5"},{"match_id":3006,"team_id":3,"possession":"A","team":"Palermo","statistic_id":35,"statistic":"Shots On Target Faced","value":6,"display":"6"},{"match_id":3006,"team_id":6,"possession":"B","team":"Manhattan","statistic_id":36,"statistic":"Goals Conceded","value":2,"display":"2"},{"match_id":3006,"team_id":3,"possession":"A","team":"Palermo","statistic_id":36,"statistic":"Goals Conceded","value":3,"display":"3"},{"match_id":3006,"team_id":6,"possession":"B","team":"Manhattan","statistic_id":37,"statistic":"Saves","value":3,"display":"3"},{"match_id":3006,"team_id":3,"possession":"A","team":"Palermo","statistic_id":37,"statistic":"Saves","value":3,"display":"3"},{"match_id":3006,"team_id":3,"possession":"A","team":"Palermo","statistic_id":38,"statistic":"Save %","value":0.5,"display":"50%"},{"match_id":3006,"team_id":6,"possession":"B","team":"Manhattan","statistic_id":38,"statistic":"Save %","value":0.6,"display":"60%"},{"match_id":3006,"team_id":6,"possession":"B","team":"Manhattan","statistic_id":86,"statistic":"Shots Caught","value":2,"display":"2"},{"match_id":3006,"team_id":3,"possession":"A","team":"Palermo","statistic_id":86,"statistic":"Shots Caught","value":0,"display":"0"},{"match_id":3006,"team_id":6,"possession":"B","team":"Manhattan","statistic_id":87,"statistic":"Crosses Caught","value":2,"display":"2"},{"match_id":3006,"team_id":3,"possession":"A","team":"Palermo","statistic_id":87,"statistic":"Crosses Caught","value":1,"display":"1"},{"match_id":3006,"team_id":6,"possession":"B","team":"Manhattan","statistic_id":89,"statistic":"Penalties Saved","value":0,"display":"0"},{"match_id":3006,"team_id":3,"possession":"A","team":"Palermo","statistic_id":89,"statistic":"Penalties Saved","value":0,"display":"0"},{"match_id":3006,"team_id":3,"possession":"A","team":"Palermo","statistic_id":39,"statistic":"Goal Kicks","value":7,"display":"7"},{"match_id":3006,"team_id":6,"possession":"B","team":"Manhattan","statistic_id":39,"statistic":"Goal Kicks","value":7,"display":"7"},{"match_id":3006,"team_id":6,"possession":"B","team":"Manhattan","statistic_id":40,"statistic":"Fouls Committed","value":17,"display":"17"},{"match_id":3006,"team_id":3,"possession":"A","team":"Palermo","statistic_id":40,"statistic":"Fouls Committed","value":13,"display":"13"},{"match_id":3006,"team_id":6,"possession":"B","team":"Manhattan","statistic_id":41,"statistic":"Penalties Conceded","value":0,"display":"0"},{"match_id":3006,"team_id":3,"possession":"A","team":"Palermo","statistic_id":41,"statistic":"Penalties Conceded","value":1,"display":"1"},{"match_id":3006,"team_id":6,"possession":"B","team":"Manhattan","statistic_id":42,"statistic":"Offsides","value":2,"display":"2"},{"match_id":3006,"team_id":3,"possession":"A","team":"Palermo","statistic_id":42,"statistic":"Offsides","value":2,"display":"2"},{"match_id":3006,"team_id":6,"possession":"B","team":"Manhattan","statistic_id":43,"statistic":"Yellow Cards","value":5,"display":"5"},{"match_id":3006,"team_id":3,"possession":"A","team":"Palermo","statistic_id":43,"statistic":"Yellow Cards","value":2,"display":"2"},{"match_id":3006,"team_id":6,"possession":"B","team":"Manhattan","statistic_id":44,"statistic":"Red Cards","value":0,"display":"0"},{"match_id":3006,"team_id":3,"possession":"A","team":"Palermo","statistic_id":44,"statistic":"Red Cards","value":0,"display":"0"},{"match_id":3006,"team_id":6,"possession":"B","team":"Manhattan","statistic_id":88,"statistic":"Second Yellows","value":0,"display":"0"},{"match_id":3006,"team_id":3,"possession":"A","team":"Palermo","statistic_id":88,"statistic":"Second Yellows","value":0,"display":"0"},{"match_id":3006,"team_id":3,"possession":"A","team":"Palermo","statistic_id":93,"statistic":"Appearances","value":1,"display":"1"},{"match_id":3006,"team_id":6,"possession":"B","team":"Manhattan","statistic_id":93,"statistic":"Appearances","value":1,"display":"1"},{"match_id":3006,"team_id":3,"possession":"A","team":"Palermo","statistic_id":95,"statistic":"Possession","value":2216,"display":"2216"},{"match_id":3006,"team_id":6,"possession":"B","team":"Manhattan","statistic_id":95,"statistic":"Possession","value":1759,"display":"1759"},{"match_id":3006,"team_id":3,"possession":"A","team":"Palermo","statistic_id":96,"statistic":"Possession Conceded","value":1759,"display":"1759"},{"match_id":3006,"team_id":6,"possession":"B","team":"Manhattan","statistic_id":96,"statistic":"Possession Conceded","value":2216,"display":"2216"},{"match_id":3006,"team_id":3,"possession":"A","team":"Palermo","statistic_id":113,"statistic":"Match Minutes","value":90,"display":"90"},{"match_id":3006,"team_id":6,"possession":"B","team":"Manhattan","statistic_id":113,"statistic":"Match Minutes","value":90,"display":"90"},{"match_id":3006,"team_id":3,"possession":"A","team":"Palermo","statistic":"Penalties Attempted","value":0,"display":"0"},{"match_id":3006,"team_id":6,"possession":"B","team":"Manhattan","statistic":"Penalties Attempted","value":1,"display":"1"},{"match_id":3006,"team_id":6,"possession":"B","team":"Manhattan","statistic":"Penalties Faced","value":0,"display":"0"},{"match_id":3006,"team_id":3,"possession":"A","team":"Palermo","statistic":"Penalties Faced","value":1,"display":"1"},{"match_id":3006,"team_id":6,"possession":"B","team":"Manhattan","statistic":"Expected Goals Faced","value":1.68,"display":"1.68"},{"match_id":3006,"team_id":3,"possession":"A","team":"Palermo","statistic":"Expected Goals Faced","value":1.61,"display":"1.61"},{"match_id":3006,"team_id":6,"possession":"B","team":"Manhattan","statistic":"Penalty Goals Conceded","value":0,"display":"0"},{"match_id":3006,"team_id":3,"possession":"A","team":"Palermo","statistic":"Penalty Goals Conceded","value":1,"display":"1"},{"match_id":3006,"team_id":3,"possession":"A","team":"Palermo","statistic":"Expected Goal Difference","value":0.32,"display":"+0.32"},{"match_id":3006,"team_id":6,"possession":"B","team":"Manhattan","statistic":"Expected Goal Difference","value":1.39,"display":"+1.39"},{"match_id":3006,"team_id":3,"possession":"A","team":"Palermo","statistic":"Effective Clearance %","value":0.4444,"display":"44%"},{"match_id":3006,"team_id":6,"possession":"B","team":"Manhattan","statistic":"Effective Clearance %","value":0.6429,"display":"64%"},{"match_id":3006,"team_id":3,"possession":"A","team":"Palermo","statistic":"Expected Goals Faced Difference","value":-1.39,"display":"-1.39"},{"match_id":3006,"team_id":6,"possession":"B","team":"Manhattan","statistic":"Expected Goals Faced Difference","value":-0.32,"display":"-0.32"}]
