[{"match_id":3005,"team_id":11,"possession":"A","team":"South London","statistic_id":3,"statistic":"Goals","value":1,"display":"1"},{"match_id":3005,"team_id":11,"possession":"A","team":"South London","statistic_id":4,"statistic":"Shots","value":16,"display":"16"},{"match_id":3005,"team_id":11,"possession":"A","team":"South London","statistic_id":5,"statistic":"Shots On Target","value":6,"display":"6"},{"match_id":3005,"team_id":11,"possession":"A","team":"South London","statistic_id":6,"statistic":"Shot Accuracy %","value":0.375,"display":"38%"},{"match_id":3005,"team_id":11,"possession":"A","team":"South London","statistic_id":71,"statistic":"Shots Off Target","value":8,"display":"8"},{"match_id":3005,"team_id":11,"possession":"A","team":"South London","statistic_id":72,"statistic":"Shots Blocked","value":2,"display":"2"},{"match_id":3005,"team_id":11,"possession":"A","team":"South London","statistic_id":7,"statistic":"Expected Goals","value":0.98,"display":"0.98"},{"match_id":3005,"team_id":11,"possession":"A","team":"South London","statistic_id":73,"statistic":"Penalties Scored","value":0,"display":"0"},{"match_id":3005,"team_id":11,"possession":"A","team":"South London","statistic_id":74,"statistic":"Penalties Missed","value":0,"display":"0"},{"match_id":3005,"team_id":11,"possession":"A","team":"South London","statistic_id":11,"statistic":"Possession %","value":0.5059,"display":"51%"},{"match_id":3005,"team_id":11,"possession":"A","team":"South London","statistic_id":12,"statistic":"Passes","value":573,"display":"573"},{"match_id":3005,"team_id":11,"possession":"A","team":"South London","statistic_id":13,"statistic":"Passes Completed","value":454,"display":"454"},{"match_id":3005,"team_id":11,"possession":"A","team":"South London","statistic_id":57,"statistic":"Passes Incomplete","value":71,"display":"71"},{"match_id":3005,"team_id":11,"possession":"A","team":"South London","statistic_id":58,"statistic":"Passes Intercepted","value":14,"display":"14"},{"match_id":3005,"team_id":11,"possession":"A","team":"South London","statistic_id":69,"statistic":"Pass Turnovers","value":34,"display":"34"},{"match_id":3005,"team_id":11,"possession":"A","team":"South London","statistic_id":14,"statistic":"Pass Completion %","value":0.7923,"display":"79%"},{"match_id":3005,"team_id":11,"possession":"A","team":"South London","statistic_id":59,"statistic":"Short Passes","value":365,"display":"365"},{"match_id":3005,"team_id":11,"possession":"A","team":"South London","statistic_id":60,"statistic":"Short Passes Completed","value":321,"display":"321"},{"match_id":3005,"team_id":11,"possession":"A","team":"South London","statistic_id":61,"statistic":"Short Passes Incomplete","value":33,"display":"33"},{"match_id":3005,"team_id":11,"possession":"A","team":"South London","statistic_id":62,"statistic":"Short Passes Intercepted","value":5,"display":"5"},{"match_id":3005,"team_id":11,"possession":"A","team":"South London","statistic_id":63,"statistic":"Short Pass Turnovers","value":6,"display":"6"},{"match_id":3005,"team_id":11,"possession":"A","team":"South London","statistic_id":75,"statistic":"Short Pass Completion %","value":0.8795,"display":"88%"},{"match_id":3005,"team_id":11,"possession":"A","team":"South London","statistic_id":52,"statistic":"Medium Passes","value":112,"display":"112"},{"match_id":3005,"team_id":11,"possession":"A","team":"South London","statistic_id":53,"statistic":"Medium Passes Completed","value":92,"display":"92"},{"match_id":3005,"team_id":11,"possession":"A","team":"South London","statistic_id":54,"statistic":"Medium Passes Incomplete","value":9,"display":"9"},{"match_id":3005,"team_id":11,"possession":"A","team":"South London","statistic_id":55,"statistic":"Medium Passes Intercepted","value":4,"display":"4"},{"match_id":3005,"team_id":11,"possession":"A","team":"South London","statistic_id":56,"statistic":"Medium Pass Turnovers","value":7,"display":"7"},{"match_id":3005,"team_id":11,"possession":"A","team":"South London","statistic_id":76,"statistic":"Medium Pass Completion %","value":0.8214,"display":"82%"},{"match_id":3005,"team_id":11,"possession":"A","team":"South London","statistic_id":47,"statistic":"Long Passes","value":64,"display":"64"},{"match_id":3005,"team_id":11,"possession":"A","team":"South London","statistic_id":48,"statistic":"Long Passes Completed","value":35,"display":"35"},{"match_id":3005,"team_id":11,"possession":"A","team":"South London","statistic_id":49,"statistic":"Long Passes Incomplete","value":15,"display":"15"},{"match_id":3005,"team_id":11,"possession":"A","team":"South London","statistic_id":50,"statistic":"Long Passes Intercepted","value":3,"display":"3"},{"match_id":3005,"team_id":11,"possession":"A","team":"South London","statistic_id":51,"statistic":"Long Pass Turnovers","value":11,"display":"11"},{"match_id":3005,"team_id":11,"possession":"A","team":"South London","statistic_id":77,"statistic":"Long Pass Completion %","value":0.5469,"display":"55%"},{"match_id":3005,"team_id":11,"possession":"A","team":"South London","statistic_id":64,"statistic":"Through Balls","value":11,"display":"11"},{"match_id":3005,"team_id":11,"possession":"A","team":"South London","statistic_id":65,"statistic":"Through Balls Completed","value":1,"display":"1"},{"match_id":3005,"team_id":11,"possession":"A","team":"South London","statistic_id":66,"statistic":"Through Balls Incomplete","value":4,"display":"4"},{"match_id":3005,"team_id":11,"possession":"A","team":"South London","statistic_id":67,"statistic":"Through Balls Intercepted","value":1,"display":"1"},{"match_id":3005,"team_id":11,"possession":"A","team":"South London","statistic_id":70,"statistic":"Through Ball Turnovers","value":5,"display":"5"},{"match_id":3005,"team_id":11,"possession":"A","team":"South London","statistic_id":78,"statistic":"Through Ball Completion %","value":0.0909,"display":"9%"},{"match_id":3005,"team_id":11,"possession":"A","team":"South London","statistic_id":21,"statistic":"Crosses","value":21,"display":"21"},{"match_id":3005,"team_id":11,"possession":"A","team":"South London","statistic_id":22,"statistic":"Crosses Completed","value":5,"display":"5"},{"match_id":3005,"team_id":11,"possession":"A","team":"South London","statistic_id":45,"statistic":"Crosses Incomplete","value":10,"display":"10"},{"match_id":3005,"team_id":11,"possession":"A","team":"South London","statistic_id":46,"statistic":"Crosses Intercepted","value":1,"display":"1"},{"match_id":3005,"team_id":11,"possession":"A","team":"South London","statistic_id":68,"statistic":"Cross Turnovers","value":5,"display":"5"},{"match_id":3005,"team_id":11,"possession":"A","team":"South London","statistic_id":23,"statistic":"Cross Completion %","value":0.2381,"display":"24%"},{"match_id":3005,"team_id":11,"possession":"A","team":"South London","statistic_id":19,"statistic":"Final Third Entries","value":38,"display":"38"},{"match_id":3005,"team_id":11,"possession":"A","team":"South London","statistic_id":79,"statistic":"Key Passes","value":18,"display":"18"},{"match_id":3005,"team_id":11,"possession":"A","team":"South London","statistic_id":80,"statistic":"Passes into Penalty Area","value":11,"display":"11"},{"match_id":3005,"team_id":11,"possession":"A","team":"South London","statistic_id":20,"statistic":"Corners","value":4,"display":"4"},{"match_id":3005,"team_id":11,"possession":"A","team":"South London","statistic_id":24,"statistic":"Throw Ins","value":19,"display":"19"},{"match_id":3005,"team_id":11,"possession":"A","team":"South London","statistic_id":15,"statistic":"Dribbles","value":11,"display":"11"},{"match_id":3005,"team_id":11,"possession":"A","team":"South London","statistic_id":16,"statistic":"Dribbles Completed","value":2,"display":"2"},{"match_id":3005,"team_id":11,"possession":"A","team":"South London","statistic_id":81,"statistic":"Dribbles Fouled","value":0,"display":"0"},{"match_id":3005,"team_id":11,"possession":"A","team":"South London","statistic_id":17,"statistic":"Dribble Completion %","value":0.1818,"display":"18%"},{"match_id":3005,"team_id":11,"possession":"A","team":"South London","statistic_id":82,"statistic":"Dribbles Lost Possession","value":3,"display":"3"},{"match_id":3005,"team_id":11,"possession":"A","team":"South London","statistic_id":83,"statistic":"Dribbles Tackled","value":6,"display":"6"},{"match_id":3005,"team_id":11,"possession":"A","team":"South London","statistic_id":18,"statistic":"Miscontrols","value":23,"display":"23"},{"match_id":3005,"team_id":11,"possession":"A","team":"South London","statistic_id":25,"statistic":"Aerial Duels","value":20,"display":"20"},{"match_id":3005,"team_id":11,"possession":"A","team":"South London","statistic_id":26,"statistic":"Aerial Duel Wins","value":11,"display":"11"},{"match_id":3005,"team_id":11,"possession":"A","team":"South London","statistic_id":27,"statistic":"Aerial Duel Win %","value":0.55,"display":"55%"},{"match_id":3005,"team_id":11,"possession":"A","team":"South London","statistic_id":28,"statistic":"Tackles Attempted","value":25,"display":"25"},{"match_id":3005,"team_id":11,"possession":"A","team":"South London","statistic_id":29,"statistic":"Tackles Completed","value":14,"display":"14"},{"match_id":3005,"team_id":11,"possession":"A","team":"South London","statistic_id":30,"statistic":"Tackle Completion %","value":0.56,"display":"56%"},{"match_id":3005,"team_id":11,"possession":"A","team":"South London","statistic_id":84,"statistic":"Tackles Incomplete","value":11,"display":"11"},{"match_id":3005,"team_id":11,"possession":"A","team":"South London","statistic_id":31,"statistic":"Pressures","value":186,"display":"186"},{"match_id":3005,"team_id":11,"possession":"A","team":"South London","statistic_id":32,"statistic":"Clearances","value":24,"display":"24"},{"match_id":3005,"team_id":11,"possession":"A","team":"South London","statistic_id":112,"statistic":"Effective Clearances","value":17,"display":"17"},{"match_id":3005,"team_id":11,"possession":"A","team":"South London","statistic_id":33,"statistic":"Interceptions","value":13,"display":"13"},{"match_id":3005,"team_id":11,"possession":"A","team":"South London","statistic_id":85,"statistic":"Blocked Shots","value":3,"display":"3"},{"match_id":3005,"team_id":11,"possession":"A","team":"South London","statistic_id":34,"statistic":"Shots Faced","value":13,"display":"13"},{"match_id":3005,"team_id":11,"possession":"A","team":"South London","statistic_id":35,"statistic":"Shots On Target Faced","value":5,"display":"5"},{"match_id":3005,"team_id":11,"possession":"A","team":"South London","statistic_id":36,"statistic":"Goals Conceded","value":0,"display":"0"},{"match_id":3005,"team_id":11,"possession":"A","team":"South London","statistic_id":37,"statistic":"Saves","value":5,"display":"5"},{"match_id":3005,"team_id":11,"possession":"A","team":"South London","statistic_id":38,"statistic":"Save %","value":1,"display":"100%"},{"match_id":3005,"team_id":11,"possession":"A","team":"South London","statistic_id":86,"statistic":"Shots Caught","value":1,"display":"1"},{"match_id":3005,"team_id":11,"possession":"A","team":"South London","statistic_id":87,"statistic":"Crosses Caught","value":2,"display":"2"},{"match_id":3005,"team_id":11,"possession":"A","team":"South London","statistic_id":89,"statistic":"Penalties Saved","value":0,"display":"0"},{"match_id":3005,"team_id":11,"possession":"A","team":"South London","statistic_id":39,"statistic":"Goal Kicks","value":5,"display":"5"},{"match_id":3005,"team_id":11,"possession":"A","team":"South London","statistic_id":40,"statistic":"Fouls Committed","value":7,"display":"7"},{"match_id":3005,"team_id":11,"possession":"A","team":"South London","statistic_id":41,"statistic":"Penalties Conceded","value":0,"display":"0"},{"match_id":3005,"team_id":11,"possession":"A","team":"South London","statistic_id":42,"statistic":"Offsides","value":1,"display":"1"},{"match_id":3005,"team_id":11,"possession":"A","team":"South London","statistic_id":43,"statistic":"Yellow Cards","value":2,"display":"2"},{"match_id":3005,"team_id":11,"possession":"A","team":"South London","statistic_id":44,"statistic":"Red Cards","value":0,"display":"0"},{"match_id":3005,"team_id":11,"possession":"A","team":"South London","statistic_id":88,"statistic":"Second Yellows","value":0,"display":"0"},{"match_id":3005,"team_id":11,"possession":"A","team":"South London","statistic_id":93,"statistic":"Appearances","value":1,"display":"1"},{"match_id":3005,"team_id":11,"possession":"A","team":"South London","statistic_id":95,"statistic":"Possession","value":2140,"display":"2140"},{"match_id":3005,"team_id":11,"possession":"A","team":"South London","statistic_id":96,"statistic":"Possession Conceded","value":2090,"display":"2090"},{"match_id":3005,"team_id":11,"possession":"A","team":"South London","statistic_id":113,"statistic":"Match Minutes","value":90,"display":"90"},{"match_id":3005,"team_id":11,"possession":"A","team":"South London","statistic":"Penalties Attempted","value":0,"display":"0"},{"match_id":3005,"team_id":11,"possession":"A","team":"South London","statistic":"Penalties Faced","value":0,"display":"0"},{"match_id":3005,"team_id":11,"possession":"A","team":"South London","statistic":"Expected Goals Faced","value":0.82,"display":"0.82"},{"match_id":3005,"team_id":11,"possession":"A","team":"South London","statistic":"Penalty Goals Conceded","value":0,"display":"0"},{"match_id":3005,"team_id":11,"possession":"A","team":"South London","statistic":"Expected Goal Difference","value":0.02,"display":"+0.02"},{"match_id":3005,"team_id":11,"possession":"A","team":"South London","statistic":"Effective Clearance %","value":0.7083,"display":"71%"},{"match_id":3005,"team_id":11,"possession":"A","team":"South London","statistic":"Expected Goals Faced Difference","value":0.82,"display":"+0.82"},{"match_id":3005,"team_id":9,"possession":"B","team":"Paris","statistic_id":3,"statistic":"Goals","value":0,"display":"0"},{"match_id":3005,"team_id":9,"possession":"B","team":"Paris","statistic_id":4,"statistic":"Shots","value":13,"display":"13"},{"match_id":3005,"team_id":9,"possession":"B","team":"Paris","statistic_id":5,"statistic":"Shots On Target","value":5,"display":"5"},{"match_id":3005,"team_id":9,"possession":"B","team":"Paris","statistic_id":6,"statistic":"Shot Accuracy %","value":0.3846,"display":"38%"},{"match_id":3005,"team_id":9,"possession":"B","team":"Paris","statistic_id":71,"statistic":"Shots Off Target","value":5,"display":"5"},{"match_id":3005,"team_id":9,"possession":"B","team":"Paris","statistic_id":72,"statistic":"Shots Blocked","value":3,"display":"3"},{"match_id":3005,"team_id":9,"possession":"B","team":"Paris","statistic_id":7,"statistic":"Expected Goals","value":0.82,"display":"0.82"},{"match_id":3005,"team_id":9,"possession":"B","team":"Paris","statistic_id":73,"statistic":"Penalties Scored","value":0,"display":"0"},{"match_id":3005,"team_id":9,"possession":"B","team":"Paris","statistic_id":74,"statistic":"Penalties Missed","value":0,"display":"0"},{"match_id":3005,"team_id":9,"possession":"B","team":"Paris","statistic_id":11,"statistic":"Possession %","value":0.4941,"display":"49%"},{"match_id":3005,"team_id":9,"possession":"B","team":"Paris","statistic_id":12,"statistic":"Passes","value":533,"display":"533"},{"match_id":3005,"team_id":9,"possession":"B","team":"Paris","statistic_id":13,"statistic":"Passes Completed","value":426,"display":"426"},{"match_id":3005,"team_id":9,"possession":"B","team":"Paris","statistic_id":57,"statistic":"Passes Incomplete","value":64,"display":"64"},{"match_id":3005,"team_id":9,"possession":"B","team":"Paris","statistic_id":58,"statistic":"Passes Intercepted","value":12,"display":"12"},{"match_id":3005,"team_id":9,"possession":"B","team":"Paris","statistic_id":69,"statistic":"Pass Turnovers","value":31,"display":"31"},{"match_id":3005,"team_id":9,"possession":"B","team":"Paris","statistic_id":14,"statistic":"Pass Completion %","value":0.7992,"display":"80%"},{"match_id":3005,"team_id":9,"possession":"B","team":"Paris","statistic_id":59,"statistic":"Short Passes","value":319,"display":"319"},{"match_id":3005,"team_id":9,"possession":"B","team":"Paris","statistic_id":60,"statistic":"Short Passes Completed","value":283,"display":"283"},{"match_id":3005,"team_id":9,"possession":"B","team":"Paris","statistic_id":61,"statistic":"Short Passes Incomplete","value":25,"display":"25"},{"match_id":3005,"team_id":9,"possession":"B","team":"Paris","statistic_id":62,"statistic":"Short Passes Intercepted","value":2,"display":"2"},{"match_id":3005,"team_id":9,"possession":"B","team":"Paris","statistic_id":63,"statistic":"Short Pass Turnovers","value":9,"display":"9"},{"match_id":3005,"team_id":9,"possession":"B","team":"Paris","statistic_id":75,"statistic":"Short Pass Completion %","value":0.8871,"display":"89%"},{"match_id":3005,"team_id":9,"possession":"B","team":"Paris","statistic_id":52,"statistic":"Medium Passes","value":128,"display":"128"},{"match_id":3005,"team_id":9,"possession":"B","team":"Paris","statistic_id":53,"statistic":"Medium Passes Completed","value":113,"display":"113"},{"match_id":3005,"team_id":9,"possession":"B","team":"Paris","statistic_id":54,"statistic":"Medium Passes Incomplete","value":8,"display":"8"},{"match_id":3005,"team_id":9,"possession":"B","team":"Paris","statistic_id":55,"statistic":"Medium Passes Intercepted","value":3,"display":"3"},{"match_id":3005,"team_id":9,"possession":"B","team":"Paris","statistic_id":56,"statistic":"Medium Pass Turnovers","value":4,"display":"4"},{"match_id":3005,"team_id":9,"possession":"B","team":"Paris","statistic_id":76,"statistic":"Medium Pass Completion %","value":0.8828,"display":"88%"},{"match_id":3005,"team_id":9,"possession":"B","team":"Paris","statistic_id":47,"statistic":"Long Passes","value":64,"display":"64"},{"match_id":3005,"team_id":9,"possession":"B","team":"Paris","statistic_id":48,"statistic":"Long Passes Completed","value":23,"display":"23"},{"match_id":3005,"team_id":9,"possession":"B","team":"Paris","statistic_id":49,"statistic":"Long Passes Incomplete","value":20,"display":"20"},{"match_id":3005,"team_id":9,"possession":"B","team":"Paris","statistic_id":50,"statistic":"Long Passes Intercepted","value":5,"display":"5"},{"match_id":3005,"team_id":9,"possession":"B","team":"Paris","statistic_id":51,"statistic":"Long Pass Turnovers","value":16,"display":"16"},{"match_id":3005,"team_id":9,"possession":"B","team":"Paris","statistic_id":77,"statistic":"Long Pass Completion %","value":0.3594,"display":"36%"},{"match_id":3005,"team_id":9,"possession":"B","team":"Paris","statistic_id":64,"statistic":"Through Balls","value":1,"display":"1"},{"match_id":3005,"team_id":9,"possession":"B","team":"Paris","statistic_id":65,"statistic":"Through Balls Completed","value":1,"display":"1"},{"match_id":3005,"team_id":9,"possession":"B","team":"Paris","statistic_id":66,"statistic":"Through Balls Incomplete","value":0,"display":"0"},{"match_id":3005,"team_id":9,"possession":"B","team":"Paris","statistic_id":67,"statistic":"Through Balls Intercepted","value":0,"display":"0"},{"match_id":3005,"team_id":9,"possession":"B","team":"Paris","statistic_id":70,"statistic":"Through Ball Turnovers","value":0,"display":"0"},{"match_id":3005,"team_id":9,"possession":"B","team":"Paris","statistic_id":78,"statistic":"Through Ball Completion %","value":1,"display":"100%"},{"match_id":3005,"team_id":9,"possession":"B","team":"Paris","statistic_id":21,"statistic":"Crosses","value":21,"display":"21"},{"match_id":3005,"team_id":9,"possession":"B","team":"Paris","statistic_id":22,"statistic":"Crosses Completed","value":6,"display":"6"},{"match_id":3005,"team_id":9,"possession":"B","team":"Paris","statistic_id":45,"statistic":"Crosses Incomplete","value":11,"display":"11"},{"match_id":3005,"team_id":9,"possession":"B","team":"Paris","statistic_id":46,"statistic":"Crosses Intercepted","value":2,"display":"2"},{"match_id":3005,"team_id":9,"possession":"B","team":"Paris","statistic_id":68,"statistic":"Cross Turnovers","value":2,"display":"2"},{"match_id":3005,"team_id":9,"possession":"B","team":"Paris","statistic_id":23,"statistic":"Cross Completion %","value":0.2857,"display":"29%"},{"match_id":3005,"team_id":9,"possession":"B","team":"Paris","statistic_id":19,"statistic":"Final Third Entries","value":30,"display":"30"},{"match_id":3005,"team_id":9,"possession":"B","team":"Paris","statistic_id":79,"statistic":"Key Passes","value":12,"display":"12"},{"match_id":3005,"team_id":9,"possession":"B","team":"Paris","statistic_id":80,"statistic":"Passes into Penalty Area","value":6,"display":"6"},{"match_id":3005,"team_id":9,"possession":"B","team":"Paris","statistic_id":20,"statistic":"Corners","value":7,"display":"7"},{"match_id":3005,"team_id":9,"possession":"B","team":"Paris","statistic_id":24,"statistic":"Throw Ins","value":19,"display":"19"},{"match_id":3005,"team_id":9,"possession":"B","team":"Paris","statistic_id":15,"statistic":"Dribbles","value":21,"display":"21"},{"match_id":3005,"team_id":9,"possession":"B","team":"Paris","statistic_id":16,"statistic":"Dribbles Completed","value":7,"display":"7"},{"match_id":3005,"team_id":9,"possession":"B","team":"Paris","statistic_id":81,"statistic":"Dribbles Fouled","value":4,"display":"4"},{"match_id":3005,"team_id":9,"possession":"B","team":"Paris","statistic_id":17,"statistic":"Dribble Completion %","value":0.5238,"display":"52%"},{"match_id":3005,"team_id":9,"possession":"B","team":"Paris","statistic_id":82,"statistic":"Dribbles Lost Possession","value":5,"display":"5"},{"match_id":3005,"team_id":9,"possession":"B","team":"Paris","statistic_id":83,"statistic":"Dribbles Tackled","value":5,"display":"5"},{"match_id":3005,"team_id":9,"possession":"B","team":"Paris","statistic_id":18,"statistic":"Miscontrols","value":27,"display":"27"},{"match_id":3005,"team_id":9,"possession":"B","team":"Paris","statistic_id":25,"statistic":"Aerial Duels","value":20,"display":"20"},{"match_id":3005,"team_id":9,"possession":"B","team":"Paris","statistic_id":26,"statistic":"Aerial Duel Wins","value":9,"display":"9"},{"match_id":3005,"team_id":9,"possession":"B","team":"Paris","statistic_id":27,"statistic":"Aerial Duel Win %","value":0.45,"display":"45%"},{"match_id":3005,"team_id":9,"possession":"B","team":"Paris","statistic_id":28,"statistic":"Tackles Attempted","value":16,"display":"16"},{"match_id":3005,"team_id":9,"possession":"B","team":"Paris","statistic_id":29,"statistic":"Tackles Completed","value":14,"display":"14"},{"match_id":3005,"team_id":9,"possession":"B","team":"Paris","statistic_id":30,"statistic":"Tackle Completion %","value":0.875,"display":"88%"},{"match_id":3005,"team_id":9,"possession":"B","team":"Paris","statistic_id":84,"statistic":"Tackles Incomplete","value":2,"display":"2"},{"match_id":3005,"team_id":9,"possession":"B","team":"Paris","statistic_id":31,"statistic":"Pressures","value":176,"display":"176"},{"match_id":3005,"team_id":9,"possession":"B","team":"Paris","statistic_id":32,"statistic":"Clearances","value":28,"display":"28"},{"match_id":3005,"team_id":9,"possession":"B","team":"Paris","statistic_id":112,"statistic":"Effective Clearances","value":14,"display":"14"},{"match_id":3005,"team_id":9,"possession":"B","team":"Paris","statistic_id":33,"statistic":"Interceptions","value":15,"display":"15"},{"match_id":3005,"team_id":9,"possession":"B","team":"Paris","statistic_id":85,"statistic":"Blocked Shots","value":0,"display":"0"},{"match_id":3005,"team_id":9,"possession":"B","team":"Paris","statistic_id":34,"statistic":"Shots Faced","value":16,"display":"16"},{"match_id":3005,"team_id":9,"possession":"B","team":"Paris","statistic_id":35,"statistic":"Shots On Target Faced","value":6,"display":"6"},{"match_id":3005,"team_id":9,"possession":"B","team":"Paris","statistic_id":36,"statistic":"Goals Conceded","value":1,"display":"1"},{"match_id":3005,"team_id":9,"possession":"B","team":"Paris","statistic_id":37,"statistic":"Saves","value":5,"display":"5"},{"match_id":3005,"team_id":9,"possession":"B","team":"Paris","statistic_id":38,"statistic":"Save %","value":0.8333,"display":"83%"},{"match_id":3005,"team_id":9,"possession":"B","team":"Paris","statistic_id":86,"statistic":"Shots Caught","value":2,"display":"2"},{"match_id":3005,"team_id":9,"possession":"B","team":"Paris","statistic_id":87,"statistic":"Crosses Caught","value":2,"display":"2"},{"match_id":3005,"team_id":9,"possession":"B","team":"Paris","statistic_id":89,"statistic":"Penalties Saved","value":0,"display":"0"},{"match_id":3005,"team_id":9,"possession":"B","team":"Paris","statistic_id":39,"statistic":"Goal Kicks","value":8,"display":"8"},{"match_id":3005,"team_id":9,"possession":"B","team":"Paris","statistic_id":40,"statistic":"Fouls Committed","value":8,"display":"8"},{"match_id":3005,"team_id":9,"possession":"B","team":"Paris","statistic_id":41,"statistic":"Penalties Conceded","value":0,"display":"0"},{"match_id":3005,"team_id":9,"possession":"B","team":"Paris","statistic_id":42,"statistic":"Offsides","value":1,"display":"1"},{"match_id":3005,"team_id":9,"possession":"B","team":"Paris","statistic_id":43,"statistic":"Yellow Cards","value":2,"display":"2"},{"match_id":3005,"team_id":9,"possession":"B","team":"Paris","statistic_id":44,"statistic":"Red Cards","value":0,"display":"0"},{"match_id":3005,"team_id":9,"possession":"B","team":"Paris","statistic_id":88,"statistic":"Second Yellows","value":0,"display":"0"},{"match_id":3005,"team_id":9,"possession":"B","team":"Paris","statistic_id":93,"statistic":"Appearances","value":1,"display":"1"},{"match_id":3005,"team_id":9,"possession":"B","team":"Paris","statistic_id":95,"statistic":"Possession","value":2090,"display":"2090"},{"match_id":3005,"team_id":9,"possession":"B","team":"Paris","statistic_id":96,"statistic":"Possession Conceded","value":2140,"display":"2140"},{"match_id":3005,"team_id":9,"possession":"B","team":"Paris","statistic_id":113,"statistic":"Match Minutes","value":90,"display":"90"},{"match_id":3005,"team_id":9,"possession":"B","team":"Paris","statistic":"Penalties Attempted","value":0,"display":"0"},{"match_id":3005,"team_id":9,"possession":"B","team":"Paris","statistic":"Penalties Faced","value":0,"display":"0"},{"match_id":3005,"team_id":9,"possession":"B","team":"Paris","statistic":"Expected Goals Faced","value":0.98,"display":"0.98"},{"match_id":3005,"team_id":9,"possession":"B","team":"Paris","statistic":"Penalty Goals Conceded","value":0,"display":"0"},{"match_id":3005,"team_id":9,"possession":"B","team":"Paris","statistic":"Expected Goal Difference","value":-0.82,"display":"-0.82"},{"match_id":3005,"team_id":9,"possession":"B","team":"Paris","statistic":"Effective Clearance %","value":0.5,"display":"50%"},{"match_id":3005,"team_id":9,"possession":"B","team":"Paris","statistic":"Expected Goals Faced Difference","value":-0.02,"display":"-0.02"}]
