[{"period":1,"minute":0,"per_length":50,"per_pct":0,"match_pct":0,"home_pct":0.5,"away_pct":0.5},{"period":1,"minute":1,"per_length":50,"per_pct":0.02,"match_pct":0.01,"home_pct":0.6667,"away_pct":0.3333,"statistic":"Possession","A":40,"B":20},{"period":1,"minute":2,"per_length":50,"per_pct":0.04,"match_pct":0.02,"home_pct":0.65,"away_pct":0.35,"statistic":"Possession","A":52,"B":28},{"period":1,"minute":3,"per_length":50,"per_pct":0.06,"match_pct":0.03,"home_pct":0.6312,"away_pct":0.3688,"statistic":"Possession","A":89,"B":52},{"period":1,"minute":4,"per_length":50,"per_pct":0.08,"match_pct":0.04,"home_pct":0.6039,"away_pct":0.3961,"statistic":"Possession","A":93,"B":61},{"period":1,"minute":5,"per_length":50,"per_pct":0.1,"match_pct":0.05,"home_pct":0.5864,"away_pct":0.4136,"statistic":"Possession","A":112,"B":79},{"period":1,"minute":6,"per_length":50,"per_pct":0.12,"match_pct":0.06,"home_pct":0.5797,"away_pct":0.4203,"statistic":"Possession","A":120,"B":87},{"period":1,"minute":7,"per_length":50,"per_pct":0.14,"match_pct":0.07,"home_pct":0.5941,"away_pct":0.4059,"statistic":"Possession","A":142,"B":97},{"period":1,"minute":8,"per_length":50,"per_pct":0.16,"match_pct":0.08,"home_pct":0.5441,"away_pct":0.4559,"statistic":"Possession","A":142,"B":119},{"period":1,"minute":9,"per_length":50,"per_pct":0.18,"match_pct":0.09,"home_pct":0.5836,"away_pct":0.4164,"statistic":"Possession","A":171,"B":122},{"period":1,"minute":10,"per_length":50,"per_pct":0.2,"match_pct":0.1,"home_pct":0.5786,"away_pct":0.4214,"statistic":"Possession","A":173,"B":126},{"period":1,"minute":11,"per_length":50,"per_pct":0.22,"match_pct":0.11,"home_pct":0.5994,"away_pct":0.4006,"statistic":"Possession","A":205,"B":137},{"period":1,"minute":12,"per_length":50,"per_pct":0.24,"match_pct":0.12,"home_pct":0.5889,"away_pct":0.4111,"statistic":"Possession","A":202,"B":141},{"period":1,"minute":13,"per_length":50,"per_pct":0.26,"match_pct":0.13,"home_pct":0.5591,"away_pct":0.4409,"statistic":"Possession","A":194,"B":153},{"period":1,"minute":14,"per_length":50,"per_pct":0.28,"match_pct":0.14,"home_pct":0.5324,"away_pct":0.4676,"statistic":"Possession","A":189,"B":166},{"period":1,"minute":15,"per_length":50,"per_pct":0.3,"match_pct":0.15,"home_pct":0.5168,"away_pct":0.4832,"statistic":"Possession","A":200,"B":187},{"period":1,"minute":16,"per_length":50,"per_pct":0.32,"match_pct":0.16,"home_pct":0.5063,"away_pct":0.4937,"statistic":"Possession","A":201,"B":196},{"period":1,"minute":17,"per_length":50,"per_pct":0.34,"match_pct":0.17,"home_pct":0.4894,"away_pct":0.5106,"statistic":"Possession","A":208,"B":217},{"period":1,"minute":18,"per_length":50,"per_pct":0.36,"match_pct":0.18,"home_pct":0.472,"away_pct":0.528,"statistic":"Possession","A":202,"B":226},{"period":1,"minute":19,"per_length":50,"per_pct":0.38,"match_pct":0.19,"home_pct":0.4989,"away_pct":0.5011,"statistic":"Possession","A":222,"B":223},{"period":1,"minute":20,"per_length":50,"per_pct":0.4,"match_pct":0.2,"home_pct":0.5011,"away_pct":0.4989,"statistic":"Possession","A":228,"B":227},{"period":1,"minute":21,"per_length":50,"per_pct":0.42,"match_pct":0.21,"home_pct":0.4898,"away_pct":0.5102,"statistic":"Possession","A":241,"B":251},{"period":1,"minute":22,"per_length":50,"per_pct":0.44,"match_pct":0.22,"home_pct":0.4827,"away_pct":0.5173,"statistic":"Possession","A":237,"B":254},{"period":1,"minute":23,"per_length":50,"per_pct":0.46,"match_pct":0.23,"home_pct":0.4568,"away_pct":0.5432,"statistic":"Possession","A":201,"B":239},{"period":1,"minute":24,"per_length":50,"per_pct":0.48,"match_pct":0.24,"home_pct":0.4437,"away_pct":0.5563,"statistic":"Possession","A":197,"B":247},{"period":1,"minute":25,"per_length":50,"per_pct":0.5,"match_pct":0.25,"home_pct":0.3973,"away_pct":0.6027,"statistic":"Possession","A":176,"B":267},{"period":1,"minute":26,"per_length":50,"per_pct":0.52,"match_pct":0.26,"home_pct":0.405,"away_pct":0.595,"statistic":"Possession","A":179,"B":263},{"period":1,"minute":27,"per_length":50,"per_pct":0.54,"match_pct":0.27,"home_pct":0.4187,"away_pct":0.5813,"statistic":"Possession","A":193,"B":268},{"period":1,"minute":28,"per_length":50,"per_pct":0.56,"match_pct":0.28,"home_pct":0.4241,"away_pct":0.5759,"statistic":"Possession","A":201,"B":273},{"period":1,"minute":29,"per_length":50,"per_pct":0.58,"match_pct":0.29,"home_pct":0.4228,"away_pct":0.5772,"statistic":"Possession","A":211,"B":288},{"period":1,"minute":30,"per_length":50,"per_pct":0.6,"match_pct":0.3,"home_pct":0.3914,"away_pct":0.6086,"statistic":"Possession","A":191,"B":297},{"period":1,"minute":31,"per_length":50,"per_pct":0.62,"match_pct":0.31,"home_pct":0.375,"away_pct":0.625,"statistic":"Possession","A":177,"B":295},{"period":1,"minute":32,"per_length":50,"per_pct":0.64,"match_pct":0.32,"home_pct":0.3519,"away_pct":0.6481,"statistic":"Possession","A":164,"B":302},{"period":1,"minute":33,"per_length":50,"per_pct":0.66,"match_pct":0.33,"home_pct":0.3203,"away_pct":0.6797,"statistic":"Possession","A":148,"B":314},{"period":1,"minute":34,"per_length":50,"per_pct":0.68,"match_pct":0.34,"home_pct":0.3707,"away_pct":0.6293,"statistic":"Possession","A":192,"B":326},{"period":1,"minute":35,"per_length":50,"per_pct":0.7,"match_pct":0.35,"home_pct":0.4201,"away_pct":0.5799,"statistic":"Possession","A":226,"B":312},{"period":1,"minute":36,"per_length":50,"per_pct":0.72,"match_pct":0.36,"home_pct":0.4841,"away_pct":0.5159,"statistic":"Possession","A":259,"B":276},{"period":1,"minute":37,"per_length":50,"per_pct":0.74,"match_pct":0.37,"home_pct":0.4583,"away_pct":0.5417,"statistic":"Possession","A":247,"B":292},{"period":1,"minute":38,"per_length":50,"per_pct":0.76,"match_pct":0.38,"home_pct":0.4174,"away_pct":0.5826,"statistic":"Possession","A":225,"B":314},{"period":1,"minute":39,"per_length":50,"per_pct":0.78,"match_pct":0.39,"home_pct":0.4148,"away_pct":0.5852,"statistic":"Possession","A":224,"B":316},{"period":1,"minute":40,"per_length":50,"per_pct":0.8,"match_pct":0.4,"home_pct":0.4086,"away_pct":0.5914,"statistic":"Possession","A":219,"B":317},{"period":1,"minute":41,"per_length":50,"per_pct":0.82,"match_pct":0.41,"home_pct":0.4446,"away_pct":0.5554,"statistic":"Possession","A":249,"B":311},{"period":1,"minute":42,"per_length":50,"per_pct":0.84,"match_pct":0.42,"home_pct":0.4512,"away_pct":0.5488,"statistic":"Possession","A":268,"B":326},{"period":1,"minute":43,"per_length":50,"per_pct":0.86,"match_pct":0.43,"home_pct":0.4715,"away_pct":0.5285,"statistic":"Possession","A":281,"B":315},{"period":1,"minute":44,"per_length":50,"per_pct":0.88,"match_pct":0.44,"home_pct":0.4717,"away_pct":0.5283,"statistic":"Possession","A":275,"B":308},{"period":1,"minute":45,"per_length":50,"per_pct":0.9,"match_pct":0.45,"home_pct":0.4326,"away_pct":0.5674,"statistic":"Possession","A":247,"B":324},{"period":1,"minute":46,"per_length":50,"per_pct":0.92,"match_pct":0.46,"home_pct":0.4125,"away_pct":0.5875,"statistic":"Possession","A":224,"B":319},{"period":1,"minute":47,"per_length":50,"per_pct":0.94,"match_pct":0.47,"home_pct":0.4023,"away_pct":0.5977,"statistic":"Possession","A":206,"B":306},{"period":1,"minute":48,"per_length":50,"per_pct":0.96,"match_pct":0.48,"home_pct":0.4035,"away_pct":0.5965,"statistic":"Possession","A":209,"B":309},{"period":1,"minute":49,"per_length":50,"per_pct":0.98,"match_pct":0.49,"home_pct":0.454,"away_pct":0.546,"statistic":"Possession","A":212,"B":255},{"period":1,"minute":50,"per_length":50,"per_pct":1,"match_pct":0.5,"home_pct":0.4657,"away_pct":0.5343,"statistic":"Possession","A":190,"B":218},{"period":2,"minute":0,"per_length":52,"per_pct":0,"match_pct":0.5,"home_pct":0.5,"away_pct":0.5},{"period":2,"minute":1,"per_length":52,"per_pct":0.0192,"match_pct":0.5096,"home_pct":0,"away_pct":1,"statistic":"Possession","A":0,"B":31},{"period":2,"minute":2,"per_length":52,"per_pct":0.0385,"match_pct":0.5192,"home_pct":0.2857,"away_pct":0.7143,"statistic":"Possession","A":16,"B":40},{"period":2,"minute":3,"per_length":52,"per_pct":0.0577,"match_pct":0.5288,"home_pct":0.3977,"away_pct":0.6023,"statistic":"Possession","A":35,"B":53},{"period":2,"minute":4,"per_length":52,"per_pct":0.0769,"match_pct":0.5385,"home_pct":0.2794,"away_pct":0.7206,"statistic":"Possession","A":38,"B":98},{"period":2,"minute":5,"per_length":52,"per_pct":0.0962,"match_pct":0.5481,"home_pct":0.4317,"away_pct":0.5683,"statistic":"Possession","A":79,"B":104},{"period":2,"minute":6,"per_length":52,"per_pct":0.1154,"match_pct":0.5577,"home_pct":0.5287,"away_pct":0.4713,"statistic":"Possession","A":129,"B":115},{"period":2,"minute":7,"per_length":52,"per_pct":0.1346,"match_pct":0.5673,"home_pct":0.5842,"away_pct":0.4158,"statistic":"Possession","A":170,"B":121},{"period":2,"minute":8,"per_length":52,"per_pct":0.1538,"match_pct":0.5769,"home_pct":0.616,"away_pct":0.384,"statistic":"Possession","A":215,"B":134},{"period":2,"minute":9,"per_length":52,"per_pct":0.1731,"match_pct":0.5865,"home_pct":0.6446,"away_pct":0.3554,"statistic":"Possession","A":243,"B":134},{"period":2,"minute":10,"per_length":52,"per_pct":0.1923,"match_pct":0.5962,"home_pct":0.6071,"away_pct":0.3929,"statistic":"Possession","A":258,"B":167},{"period":2,"minute":11,"per_length":52,"per_pct":0.2115,"match_pct":0.6058,"home_pct":0.6151,"away_pct":0.3849,"statistic":"Possession","A":286,"B":179},{"period":2,"minute":12,"per_length":52,"per_pct":0.2308,"match_pct":0.6154,"home_pct":0.6017,"away_pct":0.3983,"statistic":"Possession","A":284,"B":188},{"period":2,"minute":13,"per_length":52,"per_pct":0.25,"match_pct":0.625,"home_pct":0.5965,"away_pct":0.4035,"statistic":"Possession","A":272,"B":184},{"period":2,"minute":14,"per_length":52,"per_pct":0.2692,"match_pct":0.6346,"home_pct":0.6277,"away_pct":0.3723,"statistic":"Possession","A":290,"B":172},{"period":2,"minute":15,"per_length":52,"per_pct":0.2885,"match_pct":0.6442,"home_pct":0.663,"away_pct":0.337,"statistic":"Possession","A":303,"B":154},{"period":2,"minute":16,"per_length":52,"per_pct":0.3077,"match_pct":0.6538,"home_pct":0.6624,"away_pct":0.3376,"statistic":"Possession","A":314,"B":160},{"period":2,"minute":17,"per_length":52,"per_pct":0.3269,"match_pct":0.6635,"home_pct":0.6072,"away_pct":0.3928,"statistic":"Possession","A":269,"B":174},{"period":2,"minute":18,"per_length":52,"per_pct":0.3462,"match_pct":0.6731,"home_pct":0.5862,"away_pct":0.4138,"statistic":"Possession","A":238,"B":168},{"period":2,"minute":19,"per_length":52,"per_pct":0.3654,"match_pct":0.6827,"home_pct":0.5443,"away_pct":0.4557,"statistic":"Possession","A":215,"B":180},{"period":2,"minute":20,"per_length":52,"per_pct":0.3846,"match_pct":0.6923,"home_pct":0.4648,"away_pct":0.5352,"statistic":"Possession","A":198,"B":228},{"period":2,"minute":21,"per_length":52,"per_pct":0.4038,"match_pct":0.7019,"home_pct":0.5012,"away_pct":0.4988,"statistic":"Possession","A":209,"B":208},{"period":2,"minute":22,"per_length":52,"per_pct":0.4231,"match_pct":0.7115,"home_pct":0.5343,"away_pct":0.4657,"statistic":"Possession","A":218,"B":190},{"period":2,"minute":23,"per_length":52,"per_pct":0.4423,"match_pct":0.7212,"home_pct":0.5731,"away_pct":0.4269,"statistic":"Possession","A":247,"B":184},{"period":2,"minute":24,"per_length":52,"per_pct":0.4615,"match_pct":0.7308,"home_pct":0.585,"away_pct":0.415,"statistic":"Possession","A":258,"B":183},{"period":2,"minute":25,"per_length":52,"per_pct":0.4808,"match_pct":0.7404,"home_pct":0.5749,"away_pct":0.4251,"statistic":"Possession","A":261,"B":193},{"period":2,"minute":26,"per_length":52,"per_pct":0.5,"match_pct":0.75,"home_pct":0.5745,"away_pct":0.4255,"statistic":"Possession","A":270,"B":200},{"period":2,"minute":27,"per_length":52,"per_pct":0.5192,"match_pct":0.7596,"home_pct":0.5718,"away_pct":0.4282,"statistic":"Possession","A":247,"B":185},{"period":2,"minute":28,"per_length":52,"per_pct":0.5385,"match_pct":0.7692,"home_pct":0.6116,"away_pct":0.3884,"statistic":"Possession","A":285,"B":181},{"period":2,"minute":29,"per_length":52,"per_pct":0.5577,"match_pct":0.7788,"home_pct":0.5648,"away_pct":0.4352,"statistic":"Possession","A":279,"B":215},{"period":2,"minute":30,"per_length":52,"per_pct":0.5769,"match_pct":0.7885,"home_pct":0.5975,"away_pct":0.4025,"statistic":"Possession","A":285,"B":192},{"period":2,"minute":31,"per_length":52,"per_pct":0.5962,"match_pct":0.7981,"home_pct":0.659,"away_pct":0.341,"statistic":"Possession","A":288,"B":149},{"period":2,"minute":32,"per_length":52,"per_pct":0.6154,"match_pct":0.8077,"home_pct":0.6313,"away_pct":0.3687,"statistic":"Possession","A":274,"B":160},{"period":2,"minute":33,"per_length":52,"per_pct":0.6346,"match_pct":0.8173,"home_pct":0.6176,"away_pct":0.3824,"statistic":"Possession","A":281,"B":174},{"period":2,"minute":34,"per_length":52,"per_pct":0.6538,"match_pct":0.8269,"home_pct":0.6299,"away_pct":0.3701,"statistic":"Possession","A":291,"B":171},{"period":2,"minute":35,"per_length":52,"per_pct":0.6731,"match_pct":0.8365,"home_pct":0.5984,"away_pct":0.4016,"statistic":"Possession","A":307,"B":206},{"period":2,"minute":36,"per_length":52,"per_pct":0.6923,"match_pct":0.8462,"home_pct":0.5706,"away_pct":0.4294,"statistic":"Possession","A":291,"B":219},{"period":2,"minute":37,"per_length":52,"per_pct":0.7115,"match_pct":0.8558,"home_pct":0.5799,"away_pct":0.4201,"statistic":"Possession","A":283,"B":205},{"period":2,"minute":38,"per_length":52,"per_pct":0.7308,"match_pct":0.8654,"home_pct":0.5464,"away_pct":0.4536,"statistic":"Possession","A":271,"B":225},{"period":2,"minute":39,"per_length":52,"per_pct":0.75,"match_pct":0.875,"home_pct":0.5261,"away_pct":0.4739,"statistic":"Possession","A":252,"B":227},{"period":2,"minute":40,"per_length":52,"per_pct":0.7692,"match_pct":0.8846,"home_pct":0.5199,"away_pct":0.4801,"statistic":"Possession","A":248,"B":229},{"period":2,"minute":41,"per_length":52,"per_pct":0.7885,"match_pct":0.8942,"home_pct":0.5091,"away_pct":0.4909,"statistic":"Possession","A":252,"B":243},{"period":2,"minute":42,"per_length":52,"per_pct":0.8077,"match_pct":0.9038,"home_pct":0.498,"away_pct":0.502,"statistic":"Possession","A":249,"B":251},{"period":2,"minute":43,"per_length":52,"per_pct":0.8269,"match_pct":0.9135,"home_pct":0.4748,"away_pct":0.5252,"statistic":"Possession","A":245,"B":271},{"period":2,"minute":44,"per_length":52,"per_pct":0.8462,"match_pct":0.9231,"home_pct":0.4309,"away_pct":0.5691,"statistic":"Possession","A":215,"B":284},{"period":2,"minute":45,"per_length":52,"per_pct":0.8654,"match_pct":0.9327,"home_pct":0.3742,"away_pct":0.6258,"statistic":"Possession","A":180,"B":301},{"period":2,"minute":46,"per_length":52,"per_pct":0.8846,"match_pct":0.9423,"home_pct":0.3347,"away_pct":0.6653,"statistic":"Possession","A":162,"B":322},{"period":2,"minute":47,"per_length":52,"per_pct":0.9038,"match_pct":0.9519,"home_pct":0.3311,"away_pct":0.6689,"statistic":"Possession","A":149,"B":301},{"period":2,"minute":48,"per_length":52,"per_pct":0.9231,"match_pct":0.9615,"home_pct":0.3424,"away_pct":0.6576,"statistic":"Possession","A":151,"B":290},{"period":2,"minute":49,"per_length":52,"per_pct":0.9423,"match_pct":0.9712,"home_pct":0.37,"away_pct":0.63,"statistic":"Possession","A":165,"B":281},{"period":2,"minute":50,"per_length":52,"per_pct":0.9615,"match_pct":0.9808,"home_pct":0.3722,"away_pct":0.6278,"statistic":"Possession","A":166,"B":280},{"period":2,"minute":51,"per_length":52,"per_pct":0.9808,"match_pct":0.9904,"home_pct":0.4204,"away_pct":0.5796,"statistic":"Possession","A":198,"B":273},{"period":2,"minute":52,"per_length":52,"per_pct":1,"match_pct":1,"home_pct":0.3969,"away_pct":0.6031,"statistic":"Possession","A":177,"B":269}]
